baselineId	sequenceNo	groupId	sourceBook	bookTitle	unitNo	unitTitle	section	articleType	title	printedPageStart	printedPageEnd	pdfPageStart	pdfPageEnd	ocrPageStart	ocrPageEnd	ocrPageCount	ocrMinConfidence	ocrMeanConfidence	ocrLowConfidenceWords	ocrRotationFlags	ocrLayoutFlags	risk	riskReasons	status	disposition	startedAt	reviewer	reviewedAt	correctionCount	evidence	textSha256	eventSha256	notes
rw1-u01-a	1	rw1	NHCE4-RW1	读写教程 1	1	Fresh start	A	text-a	Toward a brighter future for all	4	6	19	21	19	21	3	0.068315	0.975930	131	0	9	high	words-below-0.90:131;possible-multicolumn-pages:9;cross-page-span:9	passed	retained-reviewed	2026-07-29T18:35:19Z	Codex	2026-07-29T18:36:12Z	10	Full second read: NHCE4-RW1.pdf pages 19-21; images NHCE4-RW1_19.jpg..21.jpg; reviewed-articles/rw1-u01-a.json	7b3dd9528f560aaca50144739318a5e919de6825c7c268bbf15c8059a2c826fa	a425d1f8d711b1e8b7f144f0a6a6e3b46829497a813a91117067d5a8c5399ac9	Full text re-read from start to Welcome; title, 8 paragraphs, punctuation, two-column order, and p4-p6 boundary confirmed.
rw1-u01-b	2	rw1	NHCE4-RW1	读写教程 1	1	Fresh start	B	text-b	What we wish	18	19	33	34	33	34	2	0.068260	0.976326	117	0	7	high	words-below-0.90:117;possible-multicolumn-pages:7;cross-page-span:7	passed	retained-reviewed	2026-07-30T01:22:15Z	Codex	2026-07-30T01:22:55Z	8	content/College-English/reviewed-articles/rw1-u01-b.json; NHCE4-RW1 PDF pages 33-34; images 33-34	1376ffc5fae1805e3781ca26910ea9fe7289d24b0e2da7c453777576b2f9a09c	80294ab83e6b13e624c8dbd074c2fb7d2a9130c88718b606f65c860c5e29bc60	全文视觉阅读及修订后复读完成，标题、正文顺序、列表、结尾与来源页一致。
rw1-u01-c	3	rw1	NHCE4-RW1	读写教程 1	1	Fresh start	C	stories-of-china	The post-00s looking forward to a colorful life	25	26	40	41	40	41	2	0.070311	0.978693	10	0	2	high	words-below-0.90:10;possible-multicolumn-pages:2;cross-page-span:2	passed	retained-reviewed	2026-07-30T01:25:33Z	Codex	2026-07-30T01:26:00Z	8	content/College-English/reviewed-articles/rw1-u01-c.json; NHCE4-RW1 PDF pages 40-41; images 40-41	51006a2676c472b3b88bd10ce730b07cfdac6ab745e29e501996e1412130c2b3	e012a1285b972b66a3e78454c36c0e9bc5daea7d4f187d28c9cf6b3db2794368	全文视觉阅读及修订后复读完成；七段正文、跨页连接、中文释义和文章终点均与来源一致。
rw1-u02-a	4	rw1	NHCE4-RW1	读写教程 1	2	Loving parents, loving children	A	text-a	A child’s clutter awaits an adult’s return	30	32	45	47	45	47	3	0.068442	0.976789	119	0	9	high	words-below-0.90:119;possible-multicolumn-pages:9;cross-page-span:9	passed	retained-reviewed	2026-07-30T01:27:36Z	Codex	2026-07-30T01:28:16Z	10	content/College-English/reviewed-articles/rw1-u02-a.json; NHCE4-RW1 PDF pages 45-47; images 45-47	a994901098086a6da76c7c8fa3fd3190c916237f563348df8385991e6bc9b5e3	dfe8c5f934f36321139871954ed89b678b474568f7851a66e3749c6a71cf3ab4	全文视觉阅读及修订后复读完成；标题、22段正文、开头结尾和来源页一致。
rw1-u02-b	5	rw1	NHCE4-RW1	读写教程 1	2	Loving parents, loving children	B	text-b	Time slows down	43	45	58	60	58	60	3	0.068885	0.977112	114	0	6	high	words-below-0.90:114;possible-multicolumn-pages:6;cross-page-span:8	passed	retained-reviewed	2026-07-30T01:29:34Z	Codex	2026-07-30T01:30:47Z	10	content/College-English/reviewed-articles/rw1-u02-b.json; NHCE4-RW1 PDF pages 58-60; images 58-60	746b032ab8eb8831afcf616f29162c7aa43ab0fbdb2128d24738fb8683153333	a56bfe58f7f37050abb2b913f295c45d8399afd7e8dd7e2cb6e9efa743e44a43	全文视觉阅读及修订后复读完成；标题、34段正文、跨页衔接和结尾均与来源一致。
rw1-u02-c	6	rw1	NHCE4-RW1	读写教程 1	2	Loving parents, loving children	C	stories-of-china	Bonds of love	51	52	66	67	66	67	2	0.070625	0.983373	8	0	2	medium	words-below-0.90:8;possible-multicolumn-pages:2;cross-page-span:2	passed	retained-reviewed	2026-07-30T01:31:37Z	Codex	2026-07-30T01:32:06Z	8	content/College-English/reviewed-articles/rw1-u02-c.json; NHCE4-RW1 PDF pages 66-67; images 66-67	795d37b724c1cf8dea0466bfc78cae5e905b61b76cffab1e26a468a426ef9d8a	a2e5a2fb116f4e85b47e8444417f72e034be8511959906507f0b47ff401ae116	全文视觉阅读及修订后复读完成；七段正文、中文释义、文章终点均与来源一致。
rw1-u03-a	7	rw1	NHCE4-RW1	读写教程 1	3	Heroes of our time	A	text-a	To feed the world	56	58	71	73	71	73	3	0.068288	0.976914	125	0	9	high	words-below-0.90:125;possible-multicolumn-pages:9;cross-page-span:9	passed	restored-by-user-rule	2026-07-30T01:34:16Z	Codex (user-directed restoration)	2026-10-05T17:15:10+00:00	1	content/article-review/cleanup-2026-10-06.json	b935bddc2ebb2a169abe7cac25544be5249187caca3eb81afa507d1026a24799	a7a082e65850d1425a13dba97c7254a9fb19ee0fa72ed6f695ab45e3d75b38a7	Deterministic restoration of historical text; not a new full-read/source-fact review.
rw1-u03-b	8	rw1	NHCE4-RW1	读写教程 1	3	Heroes of our time	B	text-b	Heroes among us	69	70	84	85	84	85	2	0.068272	0.975546	131	0	6	high	words-below-0.90:131;possible-multicolumn-pages:6;cross-page-span:8	passed	restored-by-user-rule	2026-07-30T01:36:33Z	Codex (user-directed restoration)	2026-10-05T17:15:10+00:00	5	content/article-review/cleanup-2026-10-06.json	c22c69a5d8c9536e5541c6235e10bf2557470d862e8d8c948ca32be6c9a1eddc	ff1e78766da5f764810e463b7456bf4cc7034b0391bb13e8f4e2cdd90aa5a88e	Deterministic restoration of historical text; not a new full-read/source-fact review.
rw1-u03-c	9	rw1	NHCE4-RW1	读写教程 1	3	Heroes of our time	C	stories-of-china	Cering Dandar, a grassroots hero	77	78	92	93	92	93	2	0.068422	0.981011	10	0	2	high	words-below-0.90:10;possible-multicolumn-pages:2;cross-page-span:2	passed	retained-reviewed	2026-07-30T01:38:13Z	Codex	2026-07-30T01:38:42Z	8	Full second read: NHCE4-RW1.pdf pages 92-93; images NHCE4-RW1_92.jpg..93.jpg; reviewed-articles/rw1-u03-c.json	19f41eac258ab5529d3e58cdeb2cd39aa96efc756ec8c87f3ce8d2ac825c2d81	df04a771e71c27fdb4a475015360caebdaea2a90f0883c00fc7d7833dcfb6f96	全文视觉阅读及修订后复读完成；标题、6段正文、中文注释、跨栏跨页顺序和结尾与来源一致。
rw1-u04-a	10	rw1	NHCE4-RW1	读写教程 1	4	Social media matters	A	text-a	Social media: How much is too much	82	84	97	99	97	99	3	0.068310	0.976916	132	0	9	high	words-below-0.90:132;possible-multicolumn-pages:9;cross-page-span:9	passed	restored-by-user-rule	2026-07-30T01:39:21Z	Codex (user-directed restoration)	2026-10-05T17:15:10+00:00	1	content/article-review/cleanup-2026-10-06.json	385d284dc0e01e888810b6d22a91ec4b80454d830c46fb5d70aada7636eddc81	a68ffa7bdacf27f425d8bc52edee3b902327f2eefa2563dd2bf198aee2996661	Deterministic restoration of historical text; not a new full-read/source-fact review.
rw1-u04-b	11	rw1	NHCE4-RW1	读写教程 1	4	Social media matters	B	text-b	Staying connected	96	97	111	112	111	112	2	0.068310	0.971180	163	0	7	high	words-below-0.90:163;possible-multicolumn-pages:7;cross-page-span:7	passed	retained-reviewed	2026-07-30T01:40:31Z	Codex	2026-07-30T01:41:10Z	9	Full second read: NHCE4-RW1.pdf pages 111-112; images NHCE4-RW1_111.jpg..112.jpg; reviewed-articles/rw1-u04-b.json	24d863af471be63ae144036316666f3b9b008f007fb0736d64d7e706c5294435	08793a2825a5676eb98412fc1bea2573add71e5f89ae5569feaa8c2bb7ddbe26	全文视觉阅读及修订后复读完成；标题、7段正文、全部引文、跨栏跨页顺序和结尾与来源一致。
rw1-u04-c	12	rw1	NHCE4-RW1	读写教程 1	4	Social media matters	C	stories-of-china	Chinese people love their social media apps	103	104	118	119	118	119	2	0.068240	0.985130	8	0	2	medium	words-below-0.90:8;possible-multicolumn-pages:2;cross-page-span:2	passed	retained-reviewed	2026-07-30T01:41:36Z	Codex	2026-07-30T01:42:06Z	8	Full second read: NHCE4-RW1.pdf pages 118-119; images NHCE4-RW1_118.jpg..119.jpg; reviewed-articles/rw1-u04-c.json	e25201dce9918a67a6b4ddfba4c72012b2e0547d2aeb94850fd1c4e62d510403	ba339d290fb0b54ce26bed180734180148480149d2575c00e50ef93bad1fabc4	全文视觉阅读及修订后复读完成；标题、6段正文、引文、中文注释、数据和结尾与来源一致。
rw1-u05-a	13	rw1	NHCE4-RW1	读写教程 1	5	Friendship across border and gender	A	text-a	Firm belief, eternal friendship	108	110	123	125	123	125	3	0.068368	0.977244	121	0	9	high	words-below-0.90:121;possible-multicolumn-pages:9;cross-page-span:9	passed	retained-reviewed	2026-07-30T01:43:04Z	Codex	2026-07-30T01:43:46Z	9	Full second read: NHCE4-RW1.pdf pages 123-125; images NHCE4-RW1_123.jpg..125.jpg; reviewed-articles/rw1-u05-a.json	b54f4b6e685bcc51176f285cbb2fe34081f08d4a9afa17fd0b3255a701556f63	6cd0c81dc230ea779e33e75d4afa5eb571ba97711e1ab12472f14302a7e77e56	全文视觉阅读及修订后复读完成；标题、9段正文、人名、书名、引文、跨栏跨页顺序和结尾与来源一致。
rw1-u05-b	14	rw1	NHCE4-RW1	读写教程 1	5	Friendship across border and gender	B	text-b	Gender variables in friendship: Contradiction or not?	121	123	136	138	136	138	3	0.069181	0.975412	133	0	5	high	words-below-0.90:133;possible-multicolumn-pages:5;cross-page-span:8	passed	retained-reviewed	2026-07-30T01:44:22Z	Codex	2026-07-30T01:45:03Z	8	Full second read: NHCE4-RW1.pdf pages 136-138; images NHCE4-RW1_136.jpg..138.jpg; reviewed-articles/rw1-u05-b.json	21040ce66271ac0dc07ec87f2afada06309f3268efc3729d383054e92c9c3b4d	4bf8f4b9f063b1b579435718159214740e9d3fa9969e98b7f9428b9faa7a8af3	全文视觉阅读及修订后复读完成；标题、6段正文、对话、拟声词、人名、书名和结尾与来源一致。
rw1-u05-c	15	rw1	NHCE4-RW1	读写教程 1	5	Friendship across border and gender	C	stories-of-china	Picture this: Friends forever	129	130	144	145	144	145	2	0.073411	0.986448	8	0	2	medium	words-below-0.90:8;possible-multicolumn-pages:2;cross-page-span:2	passed	retained-reviewed	2026-07-30T01:46:19Z	Codex	2026-07-30T01:46:47Z	8	NHCE4-RW1 PDF pages 144-145; images 144-145; reviewed-articles/rw1-u05-c.json	23e14ee98722ccdb952dfcc958f28b40f5f11da1de387737c41f0e62bca1e5d8	0bf16b4ec77970495176ade6ee4c7bb9c4fbc9f9c717d8498bc6cecbbe6b0a25	完成逐页视觉校对与修订后全文复读；单篇签字通过。
rw1-u06-a	16	rw1	NHCE4-RW1	读写教程 1	6	Winning is not everything	A	text-a	Cliff Young, an extraordinary runner	134	136	149	151	149	151	3	0.126844	0.987627	11	0	3	high	words-below-0.90:11;possible-multicolumn-pages:3;cross-page-span:3	passed	restored-by-user-rule	2026-07-30T01:49:52Z	Codex (user-directed restoration)	2026-10-05T17:15:10+00:00	4	content/article-review/cleanup-2026-10-06.json	b228dade2422e571289d4dd21efe4f4f56f155e225c2c5fde11cc4d36c9bf54a	53edaebd620d022a24fbc10c2076651ae8750c5239544b4e0ea27fdaedf2bb9c	Deterministic restoration of historical text; not a new full-read/source-fact review.
rw1-u06-b	17	rw1	NHCE4-RW1	读写教程 1	6	Winning is not everything	B	text-b	Shaping young lives with sports	147	149	162	164	162	164	3	0.104560	0.988728	5	0	1	medium	words-below-0.90:5;possible-multicolumn-pages:1;cross-page-span:3	passed	retained-reviewed	2026-07-30T01:51:53Z	Codex	2026-07-30T01:52:27Z	9	NHCE4-RW1 PDF pages 162-164; images 162-164; reviewed-articles/rw1-u06-b.json	3e2fc1a9f39b55f05ba7e030f36f481ba5e0803267eefbb3a8a0c5a972cd50d4	d09217cc5afa6fd94793aea0aeb2580573bc466f17627ddd0832b340a1d501a9	完成逐页视觉校对与修订后全文复读；单篇签字通过。
rw1-u06-c	18	rw1	NHCE4-RW1	读写教程 1	6	Winning is not everything	C	stories-of-china	Lessons China can teach us about fitness	155	156	170	171	170	171	2	0.068304	0.985581	5	0	2	medium	words-below-0.90:5;possible-multicolumn-pages:2;cross-page-span:2	passed	retained-reviewed	2026-07-30T01:53:32Z	Codex	2026-07-30T01:53:59Z	8	NHCE4-RW1 PDF pages 170-171; images 170-171; reviewed-articles/rw1-u06-c.json	12f302159e1fea932409d24177b016528f7878df3606c1eea61c96a91b7585d3	63d0d83a0f2a07312421af3b813d9ce558377c5be897e09436743a4eff5439a7	完成逐页视觉校对与修订后全文复读；单篇签字通过。
rw2-u01-a	19	rw2	NHCE4-RW2	读写教程 2	1	Language in mission	A	text-a	An impressive English lesson	4	6	19	21	19	21	3	0.616686	0.988378	8	0	3	medium	words-below-0.90:8;possible-multicolumn-pages:3;cross-page-span:3	passed	retained-reviewed	2026-07-30T01:59:11Z	Codex	2026-07-30T01:59:52Z	10	NHCE4-RW2 PDF pages 19-21; images 19-21; reviewed-articles/rw2-u01-a.json	3d0f9c12ecf25671c49135482818d15fc6fe8273b1f90534fead36662c71434b	ea53c3fd2df5c290791a0a6260ebaf09fd52599af41d386ed8ae676c184c0ef8	完成逐页视觉校对与修订后全文复读；单篇签字通过。
rw2-u01-b	20	rw2	NHCE4-RW2	读写教程 2	1	Language in mission	B	text-b	The great journey of learning	18	19	33	34	33	34	2	0.667359	0.988842	8	0	2	medium	words-below-0.90:8;possible-multicolumn-pages:2;cross-page-span:2	passed	restored-by-user-rule	2026-07-30T02:00:44Z	Codex (user-directed restoration)	2026-10-05T17:15:10+00:00	1	content/article-review/cleanup-2026-10-06.json	52415cbe5f40114fdcd1fc15ec818787592ce934b58e5741197ff06a05a55a5d	b4c99be44747d9cccf1bc705b6aaa2a2be89c35146865a84e68b4da88b0ec24f	Deterministic restoration of historical text; not a new full-read/source-fact review.
rw2-u01-c	21	rw2	NHCE4-RW2	读写教程 2	1	Language in mission	C	stories-of-china	What challenges learners of Chinese?	25	26	40	41	40	41	2	0.071915	0.979997	12	0	2	high	words-below-0.90:12;possible-multicolumn-pages:2;cross-page-span:2	passed	restored-by-user-rule	2026-07-30T02:02:57Z	Codex (user-directed restoration)	2026-10-05T17:15:10+00:00	2	content/article-review/cleanup-2026-10-06.json	e8ffdd196c881f5ced9ad04a3b0034ecc3d2e07ff4997e1f5e225831d4ed5313	23a4fb63a17a95be5a55d1996fba834b891c94321c6725448e34a04d441a69ef	Deterministic restoration of historical text; not a new full-read/source-fact review.
rw2-u02-a	22	rw2	NHCE4-RW2	读写教程 2	2	Exploring college majors	A	text-a	The road to my major	30	32	45	47	45	47	3	0.068240	0.987979	13	0	3	high	words-below-0.90:13;possible-multicolumn-pages:3;cross-page-span:3	passed	retained-reviewed	2026-07-30T02:04:38Z	Codex	2026-07-30T02:05:13Z	10	NHCE4-RW2 PDF pages 45-47; images NHCE4-RW2_45.jpg..47.jpg; reviewed-articles/rw2-u02-a.json	f6aa519f6c06c457d856d7f233dd56abeb5f0f08372ed9759dceec892a7d7a96	33f215ff4f9bc00189a2c969db240f88980e32d02e39890ed49f3033c78b384b	Single-sign full visual review completed.
rw2-u02-b	23	rw2	NHCE4-RW2	读写教程 2	2	Exploring college majors	B	text-b	The humanities: out of date?	44	45	59	60	59	60	2	0.812119	0.990860	4	0	2	medium	words-below-0.90:4;possible-multicolumn-pages:2;cross-page-span:2	passed	restored-by-user-rule	2026-07-30T02:06:18Z	Codex (user-directed restoration)	2026-10-05T17:15:10+00:00	1	content/article-review/cleanup-2026-10-06.json	134a59ea66d5a316e32931e085c7cbe5c8f1dab598899df8ff0a35340f26844f	4cf4f1145ef477910deda7d89e624122ff838494ba42baebd1c189a10f43ffc0	Deterministic restoration of historical text; not a new full-read/source-fact review.
rw2-u02-c	24	rw2	NHCE4-RW2	读写教程 2	2	Exploring college majors	C	stories-of-china	From a security guard to a university teacher	51	52	66	67	66	67	2	0.514392	0.991061	3	0	2	medium	words-below-0.90:3;possible-multicolumn-pages:2;cross-page-span:2	passed	retained-reviewed	2026-07-30T02:07:31Z	Codex	2026-07-30T02:08:03Z	10	NHCE4-RW2 PDF pages 66-67; images NHCE4-RW2_66.jpg and NHCE4-RW2_67.jpg; reviewed-articles/rw2-u02-c.json	bc9642c559d6f0e9cdd47ca6d36669eee48316131723a80e254807bd9896a6fc	f40a416c1887725d7e73466e0b18ae9178072177d90591f450c2315398c52ccb	Single-sign full visual review completed; Translation excluded.
rw2-u03-a	25	rw2	NHCE4-RW2	读写教程 2	3	The young generation: making a difference	A	text-a	The young generation – the future of China	57	58	72	73	72	73	2	0.412307	0.988251	7	0	2	medium	words-below-0.90:7;possible-multicolumn-pages:2;cross-page-span:2	passed	retained-reviewed	2026-07-30T02:08:48Z	Codex	2026-07-30T02:09:25Z	9	NHCE4-RW2 PDF pages 72-73; images NHCE4-RW2_72.jpg and NHCE4-RW2_73.jpg; reviewed-articles/rw2-u03-a.json	db566e0465e2793e07597b4114c631c098308a8f8d51c127798817c7b3f49966	e70cddc18ee585caef59939affcbd866e70d112bb5c84d22cb096ca206b92af2	Single-sign full visual review completed.
rw2-u03-b	26	rw2	NHCE4-RW2	读写教程 2	3	The young generation: making a difference	B	text-b	Understanding the young generation	69	71	84	86	84	86	3	0.735320	0.990610	5	0	2	medium	words-below-0.90:5;possible-multicolumn-pages:2;cross-page-span:3	passed	retained-reviewed	2026-07-30T02:10:14Z	Codex	2026-07-30T02:10:57Z	9	NHCE4-RW2 PDF pages 84-86; images NHCE4-RW2_84.jpg..86.jpg; reviewed-articles/rw2-u03-b.json	c0296db2a711403603a5eb69473d1031bf62ee4b5f5519947cb1e1956f7d040f	508f3b32228e34aa9aa980bfca27ebfce77df4987ce6e3afae4c42ffa1867008	Single-sign full visual review completed; Prediction boxes and Culture notes excluded.
rw2-u03-c	27	rw2	NHCE4-RW2	读写教程 2	3	The young generation: making a difference	C	stories-of-china	Aiming to bring agriculture online	77	78	92	93	92	93	2	0.068233	0.985187	9	0	2	medium	words-below-0.90:9;possible-multicolumn-pages:2;cross-page-span:2	passed	retained-reviewed	2026-07-30T02:11:29Z	Codex	2026-07-30T02:12:04Z	9	NHCE4-RW2 PDF pages 92-93; images NHCE4-RW2_92.jpg and NHCE4-RW2_93.jpg; reviewed-articles/rw2-u03-c.json	1718433c6b2f9a50a0ffd8773a2ea360b137fe0725eb41f59cf2dee53311f9cb	13cd6a0cc16ce78678d0512450f90ba2106ae4120a0dd16df3afd647e2f43688	Single-sign full visual review completed; Translation excluded.
rw2-u04-a	28	rw2	NHCE4-RW2	读写教程 2	4	Mission and exploration of our time	A	text-a	Huang Danian, a strategic scientist	82	84	97	99	97	99	3	0.560208	0.989822	8	0	3	medium	words-below-0.90:8;possible-multicolumn-pages:3;cross-page-span:3	passed	restored-by-user-rule	2026-07-30T02:14:27Z	Codex (user-directed restoration)	2026-10-05T17:15:10+00:00	2	content/article-review/cleanup-2026-10-06.json	2302776c36a154a564abe0cd087f7aa49c769c236c7b62cd455f5f74efc0079c	6cb65b5f511388b39509f94c65fd6e0e81d48d39128a49169bcbb734c0224ecb	Deterministic restoration of historical text; not a new full-read/source-fact review.
rw2-u04-b	29	rw2	NHCE4-RW2	读写教程 2	4	Mission and exploration of our time	B	text-b	Journey through the odyssey years	95	97	110	112	110	112	3	0.756004	0.990614	3	0	2	medium	words-below-0.90:3;possible-multicolumn-pages:2;cross-page-span:3	passed	restored-by-user-rule	2026-07-30T02:16:03Z	Codex (user-directed restoration)	2026-10-05T17:15:10+00:00	1	content/article-review/cleanup-2026-10-06.json	80978ea85c0ee253a3d3a7e0f1149e69cf0f6480bf0c4a4b0cf87b22d8a4dac3	8dd15a30df42adbac9b174b983ecfd745460ad8bafa4be6a9014dec0900da830	Deterministic restoration of historical text; not a new full-read/source-fact review.
rw2-u04-c	30	rw2	NHCE4-RW2	读写教程 2	4	Mission and exploration of our time	C	stories-of-china	The May Fourth spirit alive in China	103	104	118	119	118	119	2	0.069129	0.983111	10	0	2	high	words-below-0.90:10;possible-multicolumn-pages:2;cross-page-span:2	passed	retained-reviewed	2026-07-30T02:19:57Z	Codex	2026-07-30T02:20:52Z	9	Full second read: NHCE4-RW2.pdf pages 118-119; images NHCE4-RW2_118.jpg..119.jpg; reviewed-articles/rw2-u04-c.json	395dcc4c596366895b7ba03a05d4ab62b77312c70a05c12e95f7c999d10b4fc1	7c7042f166cca69a42e3a0500049f9a0835cd12b91ace0af9157cd193a99adf7	Full text reread from the May Fourth Movement through motivation to the Chinese youth; title, six paragraphs, column order, glosses, and 103-104 boundary confirmed.
rw2-u05-a	31	rw2	NHCE4-RW2	读写教程 2	5	Striving for financial health	A	text-a	Spend or save – the student’s dilemma	108	110	123	125	123	125	3	0.293373	0.987833	10	0	3	high	words-below-0.90:10;possible-multicolumn-pages:3;cross-page-span:3	passed	retained-reviewed	2026-07-30T02:21:40Z	Codex	2026-07-30T02:22:56Z	9	Full second read: NHCE4-RW2.pdf pages 123-125; images NHCE4-RW2_123.jpg..125.jpg; reviewed-articles/rw2-u05-a.json	f31ba2fba232824005eea66fc2bca908763c92ef13f0f09337f9c38f33ca8b74	5a9c0f9e1dbeda3bd6ccbc408eeddee506c03236fd6d2e0c6ee3df28b168982b	Full text reread from the spend/save question through choppy waters; title, nine paragraphs, quotations, order, and 108-110 boundary confirmed.
rw2-u05-b	32	rw2	NHCE4-RW2	读写教程 2	5	Striving for financial health	B	text-b	A $3,000 dictionary	122	124	137	139	137	139	3	0.232317	0.989161	6	0	3	medium	words-below-0.90:6;possible-multicolumn-pages:3;cross-page-span:3	passed	restored-by-user-rule	2026-07-30T02:23:45Z	Codex (user-directed restoration)	2026-10-05T17:15:10+00:00	1	content/article-review/cleanup-2026-10-06.json	fb61d84862b9bd633f0e627a4325cc40176d11a38e41d3a1973e35ea9d9b4885	bd996c481789da3d632f679226d518fa50696235826f1ab22d7d9488ff5e8f1b	Deterministic restoration of historical text; not a new full-read/source-fact review.
rw2-u05-c	33	rw2	NHCE4-RW2	读写教程 2	5	Striving for financial health	C	stories-of-china	Project Hope	131	132	146	147	146	147	2	0.207643	0.988925	6	0	2	medium	words-below-0.90:6;possible-multicolumn-pages:2;cross-page-span:2	passed	retained-reviewed	2026-07-30T02:26:22Z	Codex	2026-07-30T02:27:12Z	4	PDF 146-147; original JPEGs; reviewed-articles/rw2-u05-c.json; full beginning-to-end reread	29cb199546b2e3827bfd8e5d02a33375248abda2e069380986e65ffbc66129d5	b52e70025b16826171b9a41f66e9e35cd75956256a5bedb2a7bce25f1a5fdece	Single-article full visual review completed and signed as Codex.
rw2-u06-a	34	rw2	NHCE4-RW2	读写教程 2	6	Less is more	A	text-a	Door closer, are you?	136	138	151	153	151	153	3	0.581913	0.990399	7	0	3	medium	words-below-0.90:7;possible-multicolumn-pages:3;cross-page-span:3	passed	restored-by-user-rule	2026-07-30T02:28:16Z	Codex (user-directed restoration)	2026-10-05T17:15:10+00:00	2	content/article-review/cleanup-2026-10-06.json	8783714b96f88510ccd303e62fe5ea781fe0e5d985329a30bdadafd201691ffc	31b6648b6f775e1a76d9ccf67ae33cb5852d9582e86c2eb943db396742529181	Deterministic restoration of historical text; not a new full-read/source-fact review.
rw2-u06-b	35	rw2	NHCE4-RW2	读写教程 2	6	Less is more	B	text-b	When enough is enough	151	153	166	168	166	168	3	0.645222	0.988549	8	0	2	medium	words-below-0.90:8;possible-multicolumn-pages:2;cross-page-span:3	passed	restored-by-user-rule	2026-07-30T02:30:15Z	Codex (user-directed restoration)	2026-10-05T17:15:10+00:00	2	content/article-review/cleanup-2026-10-06.json	2f85d508115c44377f4245bc6eed9124fb68023bfd9a116366a9cbfef537ac66	18679cd9d3d7cd7232756b9a747e2cad8aea3d457b06f812ae62974b35bcebe4	Deterministic restoration of historical text; not a new full-read/source-fact review.
rw2-u06-c	36	rw2	NHCE4-RW2	读写教程 2	6	Less is more	C	stories-of-china	A boom in shopping malls	159	160	174	175	174	175	2	0.069389	0.988672	4	0	2	medium	words-below-0.90:4;possible-multicolumn-pages:2;cross-page-span:2	passed	retained-reviewed	2026-07-30T02:31:54Z	Codex	2026-07-30T02:32:25Z	4	PDF 174-175; original JPEGs; reviewed-articles/rw2-u06-c.json; full beginning-to-end reread	0ef13f194b3ff7610c42b1041d55de48cffbd6b7961dfa522480dfd71525906b	e09149d703e92e827660fac89e96a275401a77b59e86c52369d8571da356feb9	Single-article full visual review completed and signed as Codex.
rw3-u01-a	37	rw3	NHCE4-RW3	读写教程 3	1	The digital age: Are we ready?	A	text-a	Connection or conversation	5	7	20	22	20	22	3	0.068425	0.985788	16	0	2	high	words-below-0.90:16;possible-multicolumn-pages:2;cross-page-span:3	passed	restored-by-user-rule	2026-07-30T02:33:53Z	Codex (user-directed restoration)	2026-10-05T17:15:10+00:00	1	content/article-review/cleanup-2026-10-06.json	3a3107892253f5620ed2a8d001d36e179dd0b7ac3f45f9ff76a279eb93a6acfd	3ec747ca9858b4d74ea5b0b313c87dfe32e56a928a5f5d286716223a1e400f0e	Deterministic restoration of historical text; not a new full-read/source-fact review.
rw3-u01-b	38	rw3	NHCE4-RW3	读写教程 3	1	The digital age: Are we ready?	B	text-b	Living in the digital world	20	21	35	36	35	36	2	0.164128	0.989499	7	0	2	medium	words-below-0.90:7;possible-multicolumn-pages:2;cross-page-span:2	passed	retained-reviewed	2026-07-30T16:46:24Z	Codex	2026-07-30T16:47:11Z	4	PDF35-36/印刷20-21；原图 NHCE4-RW3_35.jpg,NHCE4-RW3_36.jpg；最终稿 content/College-English/reviewed-articles/rw3-u01-b.json	21e4d675c50d02b2f7bf86884cfcdceb97afb80a51eb2d19e3c1a1de2d911bd4	ab2c0cfd161faa35f68a866f06ceb09d851e7dc778285af7b5205e17004b23b9	逐页逐行视觉核对并全文复读完成，标题、9段正文、边界和段落顺序均与教材一致。
rw3-u01-c	39	rw3	NHCE4-RW3	读写教程 3	1	The digital age: Are we ready?	C	stories-of-china	A smartphone is all you need	27	28	42	43	42	43	2	0.069648	0.978982	9	0	2	medium	words-below-0.90:9;possible-multicolumn-pages:2;cross-page-span:2	passed	retained-reviewed	2026-07-30T16:48:28Z	Codex	2026-07-30T16:49:03Z	4	PDF42-43/印刷27-28；原图 NHCE4-RW3_42.jpg,NHCE4-RW3_43.jpg；最终稿 rw3-u01-c.json	ab8275167c51685266534ff2814923ad676330b2d2b89c6809d41d3376c55201	884fbdc95de0eae9ceec16b427611e0f8c1db7b89dc1ef74a71b23ca188e7b6a	逐页逐行视觉核对和全文复读完成；标题、8段正文、释义、边界与顺序均与教材一致。
rw3-u02-a	40	rw3	NHCE4-RW3	读写教程 3	2	Life stories	A	text-a	Zheng He, the great ancient Chinese explorer	32	34	47	49	47	49	3	0.522299	0.987733	14	0	3	high	words-below-0.90:14;possible-multicolumn-pages:3;cross-page-span:3	passed	restored-by-user-rule	2026-07-30T16:50:43Z	Codex (user-directed restoration)	2026-10-05T17:15:10+00:00	6	content/article-review/cleanup-2026-10-06.json	b3dba199cf0ad83108767018d98dcfdbf2b3766f2eb8f4ad18dd2ae25372b606	72d6547a2e6ce33059c520d9c85323db809393ada534bcec81134994acd37f57	Deterministic restoration of historical text; not a new full-read/source-fact review.
rw3-u02-b	41	rw3	NHCE4-RW3	读写教程 3	2	Life stories	B	text-b	Audrey Hepburn – a true angel in this world	46	47	61	62	61	62	2	0.136942	0.988254	6	0	2	medium	words-below-0.90:6;possible-multicolumn-pages:2;cross-page-span:2	passed	restored-by-user-rule	2026-07-30T16:53:22Z	Codex (user-directed restoration)	2026-10-05T17:15:10+00:00	2	content/article-review/cleanup-2026-10-06.json	75a8cf533ee0a087989228c07c4958c9e52ff6ad2341be72cf91a111628bdff1	3d46488a0aecdc72b3bb30a23f57527bb8bc77f689766e0990f746db12b2ff39	Deterministic restoration of historical text; not a new full-read/source-fact review.
rw3-u02-c	42	rw3	NHCE4-RW3	读写教程 3	2	Life stories	C	stories-of-china	Mei Lanfang – a Peking Opera legend	54	55	69	70	69	70	2	0.069177	0.982230	10	0	2	high	words-below-0.90:10;possible-multicolumn-pages:2;cross-page-span:2	passed	retained-reviewed	2026-07-30T16:57:43Z	Codex	2026-07-30T16:58:56Z	4	PDF69-70/印刷54-55；原图 NHCE4-RW3_69.jpg,NHCE4-RW3_70.jpg；最终稿 rw3-u02-c.json	cf213da2217e2109e5e776567d045a7b86949e7496168e6148a0efbf22fb2204	aebc697264c65a7b35cb927dd7d0135a86cf0ecccc267487036fab87bf13c1ce	逐页逐行视觉核对与全文复读完成；标题、6段、中文释义、边界和顺序均与教材一致。
rw3-u03-a	43	rw3	NHCE4-RW3	读写教程 3	3	Let’s go	A	text-a	The surprising purpose of travel	60	62	75	77	75	77	3	0.169658	0.989126	9	0	2	medium	words-below-0.90:9;possible-multicolumn-pages:2;cross-page-span:3	passed	restored-by-user-rule	2026-07-30T17:00:00Z	Codex (user-directed restoration)	2026-10-05T17:15:10+00:00	2	content/article-review/cleanup-2026-10-06.json	1e30accd6cf5b290f8089a0d630bcc2643e48e211f6663fbf3e1fa685fd7ae9c	9b2b0d3a9509891ef2bae40963ff1192b5d16351d62c33c137d66e2192cca826	Deterministic restoration of historical text; not a new full-read/source-fact review.
rw3-u03-b	44	rw3	NHCE4-RW3	读写教程 3	3	Let’s go	B	text-b	Traveling solo – a blessing overall!	74	75	89	90	89	90	2	0.089524	0.987584	10	0	2	high	words-below-0.90:10;possible-multicolumn-pages:2;cross-page-span:2	passed	retained-reviewed	2026-07-30T17:07:08Z	Codex	2026-07-30T17:12:46Z	4	PDF89-90/印刷74-75；原图 NHCE4-RW3_89.jpg,NHCE4-RW3_90.jpg；最终稿 rw3-u03-b.json	4e0c0fda900fe1ee7bec98b2bc2b4bf7716b013f11f0c063eda0b21643c04f85	961c9549b5ef26d666738a7def22a2a3e9210556dba8c92ae8fef29ec5d25bf7	逐页逐行视觉核对和全文复读完成；标题、14段、长破折号、跨栏顺序与边界均与教材一致。
rw3-u03-c	45	rw3	NHCE4-RW3	读写教程 3	3	Let’s go	C	stories-of-china	Touring the world after 60	81	82	96	97	96	97	2	0.077751	0.984873	11	0	2	high	words-below-0.90:11;possible-multicolumn-pages:2;cross-page-span:2	passed	retained-reviewed	2026-07-30T17:15:37Z	Codex	2026-07-30T17:16:39Z	4	Full second read: NHCE4-RW3.pdf pages 96-97; images NHCE4-RW3_96.jpg..97.jpg; reviewed-articles/rw3-u03-c.json	7268046d2ca6902b970f6fb293788e6ca7e923e196da0391fab6ff39129d880f	8c810aa608285828e5c2c062fc8e822eeea993a2d0ed1737424d79de57b2b98a	全文视觉复读完成；标题、6段正文、专名、引语、双栏顺序、开头结尾及Translation排除均确认。
rw3-u04-a	46	rw3	NHCE4-RW3	读写教程 3	4	When work is a pleasure	A	text-a	Will you be a worker or a laborer?	87	88	102	103	102	103	2	0.092560	0.988428	6	0	2	medium	words-below-0.90:6;possible-multicolumn-pages:2;cross-page-span:2	passed	retained-reviewed	2026-07-30T17:17:57Z	Codex	2026-07-30T17:19:46Z	4	Full second read: NHCE4-RW3.pdf pages 102-103; images NHCE4-RW3_102.jpg..103.jpg; reviewed-articles/rw3-u04-a.json	d1a453cfe53881e2b1c6318bd4e4abd460d40b94e43190f6403dd9ab7a6b9070	76a82f0165147958b74c6caae48d01ce4638dc0bcfd52d0f6d8e05ed96f3ca49	全文视觉复读完成；标题、9段、双栏顺序、916 words正文终点及后续词表排除均确认。
rw3-u04-b	47	rw3	NHCE4-RW3	读写教程 3	4	When work is a pleasure	B	text-b	The joy of a prideful tradition	99	100	114	115	114	115	2	0.422232	0.985889	16	0	2	high	words-below-0.90:16;possible-multicolumn-pages:2;cross-page-span:2	passed	retained-reviewed	2026-07-30T17:21:13Z	Codex	2026-07-30T17:23:25Z	4	Full second read: NHCE4-RW3.pdf pages 114-115; images NHCE4-RW3_114.jpg..115.jpg; reviewed-articles/rw3-u04-b.json	399bf1b1412c88e0af4eebd4cca625f603a5dfc83ceca43c97359e1d13e0c931	943088ab4113fea740bca522bb2a09375550442afbb987a5531cef790d3a893b	全文视觉复读完成；标题、19段、跨页续文、嵌套引语、895 words终点及词表排除均确认。
rw3-u04-c	48	rw3	NHCE4-RW3	读写教程 3	4	When work is a pleasure	C	stories-of-china	Glassware on fire	107	108	122	123	122	123	2	0.070694	0.988758	4	0	2	medium	words-below-0.90:4;possible-multicolumn-pages:2;cross-page-span:2	passed	retained-reviewed	2026-07-30T17:24:32Z	Codex	2026-07-30T17:25:50Z	4	Full second read: NHCE4-RW3.pdf pages 122-123; images NHCE4-RW3_122.jpg..123.jpg; reviewed-articles/rw3-u04-c.json	f34e7eb5a35c9ca7b47ed9facf8fd7647e4330d6dee0d6b9242a6c21405af13b	69d93f1daab31ed462ff53e227f84f933da4397953faaff41ab96d32bcf85cf4	全文视觉复读完成；标题、5段、中文释义、专名、跨页次序、正文终点及Translation排除均确认。
rw3-u05-a	49	rw3	NHCE4-RW3	读写教程 3	5	China's space dream	A	text-a	No limit for China’s astronauts in their space exploration endeavors	112	114	127	129	127	129	3	0.597785	0.990029	7	0	3	medium	words-below-0.90:7;possible-multicolumn-pages:3;cross-page-span:3	passed	restored-by-user-rule	2026-07-30T17:28:05Z	Codex (user-directed restoration)	2026-10-05T17:15:10+00:00	3	content/article-review/cleanup-2026-10-06.json	909e534a00f07b4b284ce45927a2237ac109c8b5ddbb7cada2ef025e24b6f4a7	88116a4159f3607a114fd1a1ae6e4ac5a51bca9a9f858d67a18a3bead7ddc778	Deterministic restoration of historical text; not a new full-read/source-fact review.
rw3-u05-b	50	rw3	NHCE4-RW3	读写教程 3	5	China's space dream	B	text-b	Chang’e-4 kicked off a new space odyssey	125	127	140	142	140	142	3	0.185178	0.989272	6	0	1	medium	words-below-0.90:6;possible-multicolumn-pages:1;cross-page-span:3	passed	restored-by-user-rule	2026-07-30T17:34:44Z	Codex (user-directed restoration)	2026-10-05T17:15:10+00:00	1	content/article-review/cleanup-2026-10-06.json	81733514fe1191b784007b3641d7f530e79fa72b4a3968123220fede0513f1ed	3e1ba7b251c402ba2fd0e9403c1e802247c6cb46305e863ab82d198426b24a6e	Deterministic restoration of historical text; not a new full-read/source-fact review.
rw3-u05-c	51	rw3	NHCE4-RW3	读写教程 3	5	China's space dream	C	stories-of-china	China aims for peaceful use of space exploration	133	134	148	149	148	149	2	0.206502	0.988935	6	0	2	medium	words-below-0.90:6;possible-multicolumn-pages:2;cross-page-span:2	passed	retained-reviewed	2026-07-30T17:38:50Z	Codex	2026-07-30T17:39:59Z	4	全文视觉复读教材原图 NHCE4-RW3_148.jpg、149.jpg；按左栏后右栏核对至beyond	6debc66bd2501226b53bbf453653ff1d69b96502ec5e53b9d758ef00b94c9c18	bf4bb5d23afa6969ed9ace33232a599ef7358975c1932a0ee6ea01c6f77b7345	六段从Over the past few years至moon, Mars, and beyond逐行核对完成；确认正文完整、双栏顺序正确且无练习串入。
rw3-u06-a	52	rw3	NHCE4-RW3	读写教程 3	6	The economy: power behind everyday life	A	text-a	Surviving an economic crisis	138	140	153	155	153	155	3	0.221723	0.984359	23	0	3	high	words-below-0.90:23;possible-multicolumn-pages:3;cross-page-span:3	passed	restored-by-user-rule	2026-07-30T17:43:09Z	Codex (user-directed restoration)	2026-10-05T17:15:10+00:00	1	content/article-review/cleanup-2026-10-06.json	f4e29a613fe65f597e7aa1f3572ed54f88d269bdc8f23114cdbe32a94cb85a1a	1a876dbcaea1b832663bcdf20428a0692a4bfd96f25245bdf6cae40a7b43261b	Deterministic restoration of historical text; not a new full-read/source-fact review.
rw3-u06-b	53	rw3	NHCE4-RW3	读写教程 3	6	The economy: power behind everyday life	B	text-b	Economic bubbles: causes and conditions	151	153	166	168	166	168	3	0.085313	0.987133	10	0	1	high	words-below-0.90:10;possible-multicolumn-pages:1;cross-page-span:3	passed	restored-by-user-rule	2026-07-30T17:48:49Z	Codex (user-directed restoration)	2026-10-05T17:15:10+00:00	1	content/article-review/cleanup-2026-10-06.json	df63da6c2d61c25c658079a69c307d3ad0398974df678a0dc7ff5ed2bda20ed2	bd686c4b447bd76ef4056d538958382836d39a301fa82a1cb6935e62a063892a	Deterministic restoration of historical text; not a new full-read/source-fact review.
rw3-u06-c	54	rw3	NHCE4-RW3	读写教程 3	6	The economy: power behind everyday life	C	stories-of-china	The sharing economy turns a new page with books	159	160	174	175	174	175	2	0.076610	0.984224	10	0	2	high	words-below-0.90:10;possible-multicolumn-pages:2;cross-page-span:2	passed	restored-by-user-rule	2026-07-30T17:55:13Z	Codex (user-directed restoration)	2026-10-05T17:15:10+00:00	1	content/article-review/cleanup-2026-10-06.json	f37aa99332b776281d66eeba0f39f05b4f9086e6dc8d1b038ec084ae1d986fce	f7463dde36f8647fb39a8f39b4b37e5f3c7c6ce8862d7865545991ce1e48ecf0	Deterministic restoration of historical text; not a new full-read/source-fact review.
rw4-u01-a	55	rw4	NHCE4-RW4	读写教程 4	1	Urban development	A	text-a	From urbanization to smart cities	5	7	20	22	20	22	3	0.175102	0.987340	13	0	1	high	words-below-0.90:13;possible-multicolumn-pages:1;cross-page-span:3	passed	restored-by-user-rule	2026-07-30T17:57:25Z	Codex (user-directed restoration)	2026-10-05T17:15:10+00:00	1	content/article-review/cleanup-2026-10-06.json	433c227f18025d7951093f74bb72402e4e3882aa4d0c36a4e465c2f3917d5ae8	24806f21200db61328fa5bef0a4dd4cd38cfb2928a7dc5c17814e3d3480d9818	Deterministic restoration of historical text; not a new full-read/source-fact review.
rw4-u01-b	56	rw4	NHCE4-RW4	读写教程 4	1	Urban development	B	text-b	Embrace the trend of deurbanization	18	20	33	35	33	35	3	0.333753	0.989651	7	0	2	medium	words-below-0.90:7;possible-multicolumn-pages:2;cross-page-span:3	passed	restored-by-user-rule	2026-07-30T18:02:45Z	Codex (user-directed restoration)	2026-10-05T17:15:10+00:00	3	content/article-review/cleanup-2026-10-06.json	2e9f1b8765539f868c102cb77fdcdfa5ce6a267b71789e6ad572d7913a39e390	f06ad06706cdaff6df77c78b60f8a8beb7ce44a9003f64bbbe6f6e6ba54e9cc4	Deterministic restoration of historical text; not a new full-read/source-fact review.
rw4-u01-c	57	rw4	NHCE4-RW4	读写教程 4	1	Urban development	C	stories-of-china	Limited space, unlimited growth	27	28	42	43	42	43	2	0.072896	0.984271	11	0	2	high	words-below-0.90:11;possible-multicolumn-pages:2;cross-page-span:2	passed	retained-reviewed	2026-07-30T18:15:37Z	Codex	2026-07-30T18:19:47Z	4	Original PDF/images 42-43; reviewed-articles/rw4-u01-c.json; full visual reread completed	6251d2343715c33467734fe8c6d58c1fe0b90348771742a2340168a5cbd0aff9	a21f578376c9d8f6fe679c359f427b8cddd17c42a7558f6a7e75e57bdec7d8d7	Passed after complete visual reading; Translation and all instructional content excluded.
rw4-u02-a	58	rw4	NHCE4-RW4	读写教程 4	2	Secrets to beauty	A	text-a	Making the choice to be truly beautiful	33	35	48	50	48	50	3	0.203792	0.988238	5	0	3	medium	words-below-0.90:5;possible-multicolumn-pages:3;cross-page-span:3	passed	restored-by-user-rule	2026-07-30T18:20:35Z	Codex (user-directed restoration)	2026-10-05T17:15:10+00:00	1	content/article-review/cleanup-2026-10-06.json	2dd698bc898e190d781b2335df6880b039eb8fac31680fb838c375a75b7f8ea8	91bd6f6426ae656553deb18a5a11fef27b820940c66843d5f3fad3b1f6da6d4a	Deterministic restoration of historical text; not a new full-read/source-fact review.
rw4-u02-b	59	rw4	NHCE4-RW4	读写教程 4	2	Secrets to beauty	B	text-b	The exploration of beauty	48	50	63	65	63	65	3	0.895503	0.991684	1	0	3	medium	words-below-0.90:1;possible-multicolumn-pages:3;cross-page-span:3	passed	restored-by-user-rule	2026-07-30T18:26:16Z	Codex (user-directed restoration)	2026-10-05T17:15:10+00:00	1	content/article-review/cleanup-2026-10-06.json	6529eeb4a4b916e8d2b475cbf2389c4a5206c5077eeb00e99e9ef769b8088b39	4dd5a5e3c87e9277630493e1ddb9c9414fdb1ec506ed7ca5d4b82ba9f9a9c9c4	Deterministic restoration of historical text; not a new full-read/source-fact review.
rw4-u02-c	60	rw4	NHCE4-RW4	读写教程 4	2	Secrets to beauty	C	stories-of-china	A beautiful heart that has made a difference	57	58	72	73	72	73	2	0.084315	0.990531	1	0	2	medium	words-below-0.90:1;possible-multicolumn-pages:2;cross-page-span:2	passed	retained-reviewed	2026-07-30T18:30:57Z	Codex	2026-07-30T18:33:43Z	4	Original PDF/images 72-73, reviewed JSON, second full visual pass, title/body/end-boundary check	d7f93cc8a864a2fc910b966758f0b77fb2482ca3db29126ffc92e9361aec127f	5d9875b68ff0c11b41e05cc0ab04dd35d903c5a05ea7fa459bbe33dd7a6b4a76	Passed after full visual reading; Translation and other teaching material excluded.
rw4-u03-a	61	rw4	NHCE4-RW4	读写教程 4	3	Business success in the new age	A	text-a	China’s new wave of young innovators	63	65	78	80	78	80	3	0.188734	0.989208	8	0	3	medium	words-below-0.90:8;possible-multicolumn-pages:3;cross-page-span:3	passed	retained-reviewed	2026-07-30T18:34:43Z	Codex	2026-07-30T18:38:20Z	4	Original PDF/images 78-80, reviewed JSON, second full visual pass, title/body/end-boundary check	6effddef043158760ec76115121a12c1f524277472034292d71b3355c8eedb75	733fb7a7f370b77815b278f7b7c879fc5e59cbd5574f1e3f8166ff6ae4cf5761	Passed after full visual reading; Culture notes, vocabulary pages and exercises excluded.
rw4-u03-b	62	rw4	NHCE4-RW4	读写教程 4	3	Business success in the new age	B	text-b	Culture makes the business world go round	78	80	93	95	93	95	3	0.088545	0.989527	5	0	2	medium	words-below-0.90:5;possible-multicolumn-pages:2;cross-page-span:3	passed	restored-by-user-rule	2026-07-30T18:38:40Z	Codex (user-directed restoration)	2026-10-05T17:15:10+00:00	2	content/article-review/cleanup-2026-10-06.json	2ea7732b0bac2b1adec5ec3d8672036088983d91240dff7cc14c8795fc19dee8	b4dd5e0c5322f2f486835ddb4cb79664a2c1d646199bf79b85e82641a6c75e69	Deterministic restoration of historical text; not a new full-read/source-fact review.
rw4-u03-c	63	rw4	NHCE4-RW4	读写教程 4	3	Business success in the new age	C	stories-of-china	The rise of modern entrepreneurship in China	87	88	102	103	102	103	2	0.077827	0.990353	3	0	2	medium	words-below-0.90:3;possible-multicolumn-pages:2;cross-page-span:2	passed	retained-reviewed	2026-07-30T18:42:25Z	Codex	2026-07-30T18:45:28Z	0	NHCE4-RW4 original images 102-103; two full visual passes; reviewed-articles/rw4-u03-c.json	0360ff9b47c291c7482519e131bae64283f7017d0b7342eedc0c1d8ec06d4df6	19d9468df34ae44245b27f9d5d64152730dd1704eadfbdb2e9e91cf4b9753f60	Single-article manual acceptance complete. Five paragraphs exactly follow the printed article; Translation and all auxiliary matter excluded.
rw4-u04-a	64	rw4	NHCE4-RW4	读写教程 4	4	Man and nature	A	text-a	Save the earth, save life	93	95	108	110	108	110	3	0.325418	0.987718	14	0	1	high	words-below-0.90:14;possible-multicolumn-pages:1;cross-page-span:3	passed	restored-by-user-rule	2026-07-30T18:46:46Z	Codex (user-directed restoration)	2026-10-05T17:15:10+00:00	2	content/article-review/cleanup-2026-10-06.json	bdb312ca1bd7f19fac53aef17f1c474c17d08a6ab6b636a54310191f90a197e3	3ab2d5d7fb2d9426cd3abe4c57b9b2b8576093faa4fd51812059be05f1ff9981	Deterministic restoration of historical text; not a new full-read/source-fact review.
rw4-u04-b	65	rw4	NHCE4-RW4	读写教程 4	4	Man and nature	B	text-b	What nature is telling you	107	108	122	123	122	123	2	0.361249	0.988858	7	0	2	medium	words-below-0.90:7;possible-multicolumn-pages:2;cross-page-span:2	passed	retained-reviewed	2026-07-30T18:50:57Z	Codex	2026-07-30T18:54:22Z	0	NHCE4-RW4 original images 122-123; two full visual passes; reviewed-articles/rw4-u04-b.json	533c48f99b0589200446b4aba2facbe6bdb81aa8c144135769adda8dff60f616	5d97c8b9870d2815c77d05b94892551dafe2005a13564b5ae4575f70dcdb980d	Single-article manual acceptance complete. Eleven paragraphs match the printed Text B; vocabulary and exercises excluded.
rw4-u04-c	66	rw4	NHCE4-RW4	读写教程 4	4	Man and nature	C	stories-of-china	A green finish line	115	116	130	131	130	131	2	0.070009	0.987880	5	0	2	medium	words-below-0.90:5;possible-multicolumn-pages:2;cross-page-span:2	passed	retained-reviewed	2026-07-30T18:55:32Z	Codex	2026-07-30T18:58:47Z	0	NHCE4-RW4 original images 130-131; two full visual passes; reviewed-articles/rw4-u04-c.json	c203942e3512326be9ab169d749c54e9de01953b943b3e41aea474cf7471e25e	372416fc2fc1a1aa6f84644579d86d506c3746b756a662ed13a23a41985597e5	Single-article manual acceptance complete. Eight paragraphs match the printed Stories of China article; Exercises and Translation excluded.
rw4-u05-a	67	rw4	NHCE4-RW4	读写教程 4	5	Passion guides life choices	A	text-a	A meaningful life	120	122	135	137	135	137	3	0.379622	0.989587	8	0	3	medium	words-below-0.90:8;possible-multicolumn-pages:3;cross-page-span:3	passed	restored-by-user-rule	2026-07-30T19:01:57Z	Codex (user-directed restoration)	2026-10-05T17:15:10+00:00	2	content/article-review/cleanup-2026-10-06.json	4449c05bf03cd8368253c67f8f348e1d866ea39f636c6aba8612b7d01d1256dc	39d0639540c5d002d4b81070a438188676e6ba59fc60a0a74d4bdc3c8a422e7e	Deterministic restoration of historical text; not a new full-read/source-fact review.
rw4-u05-b	68	rw4	NHCE4-RW4	读写教程 4	5	Passion guides life choices	B	text-b	A turning point in my life	133	135	148	150	148	150	3	0.084317	0.989722	7	0	2	medium	words-below-0.90:7;possible-multicolumn-pages:2;cross-page-span:3	passed	restored-by-user-rule	2026-07-30T19:05:18Z	Codex (user-directed restoration)	2026-10-05T17:15:10+00:00	2	content/article-review/cleanup-2026-10-06.json	5b533e5b51c497886da668412ee1c8e0dd10a825f0e1b0c122172ad10fb005db	eb48629bb64462a402c02fe8c10fcc1bd45a2576630e0db766ad06bed37b4a42	Deterministic restoration of historical text; not a new full-read/source-fact review.
rw4-u05-c	69	rw4	NHCE4-RW4	读写教程 4	5	Passion guides life choices	C	stories-of-china	Passion and dedication have propelled China’s space science to new heights	143	144	158	159	158	159	2	0.068448	0.985782	7	0	2	medium	words-below-0.90:7;possible-multicolumn-pages:2;cross-page-span:2	passed	retained-reviewed	2026-07-30T19:07:12Z	Codex	2026-07-30T19:08:45Z	0	NHCE4-RW4 original images 158-159; two full visual passes; reviewed-articles/rw4-u05-c.json	d05098ef90a7b583bddea8b349899ae6b217d786a22903f0014ced4bb69e5d99	78dccc8a6e1ef6b3359460bd3ed7478d94f880ffaad289a696eaf66d5b210cd4	Single-article manual acceptance complete. Nine paragraphs match the printed Stories of China article; Exercises and Translation excluded.
rw4-u06-a	70	rw4	NHCE4-RW4	读写教程 4	6	Energy and food crises	A	text-a	The coming energy crisis	149	151	164	166	164	166	3	0.639338	0.990604	3	0	2	medium	words-below-0.90:3;possible-multicolumn-pages:2;cross-page-span:3	passed	restored-by-user-rule	2026-07-30T19:09:24Z	Codex (user-directed restoration)	2026-10-05T17:15:10+00:00	3	content/article-review/cleanup-2026-10-06.json	8ad17d7cc5c0f0d9338e709d4429d51ae13d37fcd4b9a017c9460ae7a2f81877	de275c5d0a1e54bfd259a8e5e149332705db878c7d82225654daebd5c30938ac	Deterministic restoration of historical text; not a new full-read/source-fact review.
rw4-u06-b	71	rw4	NHCE4-RW4	读写教程 4	6	Energy and food crises	B	text-b	A worldwide food crisis?	164	166	179	181	179	181	3	0.242687	0.989026	6	0	2	medium	words-below-0.90:6;possible-multicolumn-pages:2;cross-page-span:3	passed	restored-by-user-rule	2026-07-30T19:12:16Z	Codex (user-directed restoration)	2026-10-05T17:15:10+00:00	1	content/article-review/cleanup-2026-10-06.json	a4b0822c4959360e3d31bfc36affd125722598fb8d7b782f242f69cefae65345	8b4d97cc57612607072961bd21fa7af7aa97d01fb90c7fcd57a189b2ce0e4292	Deterministic restoration of historical text; not a new full-read/source-fact review.
rw4-u06-c	72	rw4	NHCE4-RW4	读写教程 4	6	Energy and food crises	C	stories-of-china	An important milestone in China’s solar energy development	173	174	188	189	188	189	2	0.068516	0.986338	5	0	2	medium	words-below-0.90:5;possible-multicolumn-pages:2;cross-page-span:2	passed	restored-by-user-rule	2026-07-30T19:14:48Z	Codex (user-directed restoration)	2026-10-05T17:15:10+00:00	1	content/article-review/cleanup-2026-10-06.json	7d2b2524d3bbed520cf4fcc7bbc63a96590355000853115de844c2456e544d7f	4babe6919e9cdf6c31f11ef7fecf67c7219e8803680473f9b2b0dd7005dfe3f1	Deterministic restoration of historical text; not a new full-read/source-fact review.
