groupId	sourceBook	pdfPage	ocrPage	printedPage	classification	candidateArticleIds	reason
rw1	NHCE4-RW1	1	1		front-matter		cover/copyright/preface/contents
rw1	NHCE4-RW1	2	2		front-matter		cover/copyright/preface/contents
rw1	NHCE4-RW1	3	3		front-matter		cover/copyright/preface/contents
rw1	NHCE4-RW1	4	4		front-matter		cover/copyright/preface/contents
rw1	NHCE4-RW1	5	5		front-matter		cover/copyright/preface/contents
rw1	NHCE4-RW1	6	6		front-matter		cover/copyright/preface/contents
rw1	NHCE4-RW1	7	7		front-matter		cover/copyright/preface/contents
rw1	NHCE4-RW1	8	8		front-matter		cover/copyright/preface/contents
rw1	NHCE4-RW1	9	9		front-matter		cover/copyright/preface/contents
rw1	NHCE4-RW1	10	10		front-matter		cover/copyright/preface/contents
rw1	NHCE4-RW1	11	11		front-matter		cover/copyright/preface/contents
rw1	NHCE4-RW1	12	12		front-matter		cover/copyright/preface/contents
rw1	NHCE4-RW1	13	13		front-matter		cover/copyright/preface/contents
rw1	NHCE4-RW1	14	14		front-matter		cover/copyright/preface/contents
rw1	NHCE4-RW1	15	15		front-matter		cover/copyright/preface/contents
rw1	NHCE4-RW1	16	16	1	teaching-support		unit opening/exercises/skills/writing/project
rw1	NHCE4-RW1	17	17	2	teaching-support		unit opening/exercises/skills/writing/project
rw1	NHCE4-RW1	18	18	3	teaching-support		unit opening/exercises/skills/writing/project
rw1	NHCE4-RW1	19	19	4	article-candidate	rw1-u01-a	directory-defined candidate review span
rw1	NHCE4-RW1	20	20	5	article-candidate	rw1-u01-a	directory-defined candidate review span
rw1	NHCE4-RW1	21	21	6	article-candidate	rw1-u01-a	directory-defined candidate review span
rw1	NHCE4-RW1	22	22	7	article-candidate	rw1-u01-a	directory-defined candidate review span
rw1	NHCE4-RW1	23	23	8	article-candidate	rw1-u01-a	directory-defined candidate review span
rw1	NHCE4-RW1	24	24	9	article-candidate	rw1-u01-a	directory-defined candidate review span
rw1	NHCE4-RW1	25	25	10	article-candidate	rw1-u01-a	directory-defined candidate review span
rw1	NHCE4-RW1	26	26	11	article-candidate	rw1-u01-a	directory-defined candidate review span
rw1	NHCE4-RW1	27	27	12	article-candidate	rw1-u01-a	directory-defined candidate review span
rw1	NHCE4-RW1	28	28	13	teaching-support		unit opening/exercises/skills/writing/project
rw1	NHCE4-RW1	29	29	14	teaching-support		unit opening/exercises/skills/writing/project
rw1	NHCE4-RW1	30	30	15	teaching-support		unit opening/exercises/skills/writing/project
rw1	NHCE4-RW1	31	31	16	teaching-support		unit opening/exercises/skills/writing/project
rw1	NHCE4-RW1	32	32	17	teaching-support		unit opening/exercises/skills/writing/project
rw1	NHCE4-RW1	33	33	18	article-candidate	rw1-u01-b	directory-defined candidate review span
rw1	NHCE4-RW1	34	34	19	article-candidate	rw1-u01-b	directory-defined candidate review span
rw1	NHCE4-RW1	35	35	20	article-candidate	rw1-u01-b	directory-defined candidate review span
rw1	NHCE4-RW1	36	36	21	article-candidate	rw1-u01-b	directory-defined candidate review span
rw1	NHCE4-RW1	37	37	22	article-candidate	rw1-u01-b	directory-defined candidate review span
rw1	NHCE4-RW1	38	38	23	article-candidate	rw1-u01-b	directory-defined candidate review span
rw1	NHCE4-RW1	39	39	24	article-candidate	rw1-u01-b	directory-defined candidate review span
rw1	NHCE4-RW1	40	40	25	article-candidate	rw1-u01-c	directory-defined candidate review span
rw1	NHCE4-RW1	41	41	26	article-candidate	rw1-u01-c	directory-defined candidate review span
rw1	NHCE4-RW1	42	42	27	teaching-support		unit opening/exercises/skills/writing/project
rw1	NHCE4-RW1	43	43	28	teaching-support		unit opening/exercises/skills/writing/project
rw1	NHCE4-RW1	44	44	29	teaching-support		unit opening/exercises/skills/writing/project
rw1	NHCE4-RW1	45	45	30	article-candidate	rw1-u02-a	directory-defined candidate review span
rw1	NHCE4-RW1	46	46	31	article-candidate	rw1-u02-a	directory-defined candidate review span
rw1	NHCE4-RW1	47	47	32	article-candidate	rw1-u02-a	directory-defined candidate review span
rw1	NHCE4-RW1	48	48	33	article-candidate	rw1-u02-a	directory-defined candidate review span
rw1	NHCE4-RW1	49	49	34	article-candidate	rw1-u02-a	directory-defined candidate review span
rw1	NHCE4-RW1	50	50	35	article-candidate	rw1-u02-a	directory-defined candidate review span
rw1	NHCE4-RW1	51	51	36	article-candidate	rw1-u02-a	directory-defined candidate review span
rw1	NHCE4-RW1	52	52	37	article-candidate	rw1-u02-a	directory-defined candidate review span
rw1	NHCE4-RW1	53	53	38	article-candidate	rw1-u02-a	directory-defined candidate review span
rw1	NHCE4-RW1	54	54	39	teaching-support		unit opening/exercises/skills/writing/project
rw1	NHCE4-RW1	55	55	40	teaching-support		unit opening/exercises/skills/writing/project
rw1	NHCE4-RW1	56	56	41	teaching-support		unit opening/exercises/skills/writing/project
rw1	NHCE4-RW1	57	57	42	teaching-support		unit opening/exercises/skills/writing/project
rw1	NHCE4-RW1	58	58	43	article-candidate	rw1-u02-b	directory-defined candidate review span
rw1	NHCE4-RW1	59	59	44	article-candidate	rw1-u02-b	directory-defined candidate review span
rw1	NHCE4-RW1	60	60	45	article-candidate	rw1-u02-b	directory-defined candidate review span
rw1	NHCE4-RW1	61	61	46	article-candidate	rw1-u02-b	directory-defined candidate review span
rw1	NHCE4-RW1	62	62	47	article-candidate	rw1-u02-b	directory-defined candidate review span
rw1	NHCE4-RW1	63	63	48	article-candidate	rw1-u02-b	directory-defined candidate review span
rw1	NHCE4-RW1	64	64	49	article-candidate	rw1-u02-b	directory-defined candidate review span
rw1	NHCE4-RW1	65	65	50	article-candidate	rw1-u02-b	directory-defined candidate review span
rw1	NHCE4-RW1	66	66	51	article-candidate	rw1-u02-c	directory-defined candidate review span
rw1	NHCE4-RW1	67	67	52	article-candidate	rw1-u02-c	directory-defined candidate review span
rw1	NHCE4-RW1	68	68	53	teaching-support		unit opening/exercises/skills/writing/project
rw1	NHCE4-RW1	69	69	54	teaching-support		unit opening/exercises/skills/writing/project
rw1	NHCE4-RW1	70	70	55	teaching-support		unit opening/exercises/skills/writing/project
rw1	NHCE4-RW1	71	71	56	article-candidate	rw1-u03-a	directory-defined candidate review span
rw1	NHCE4-RW1	72	72	57	article-candidate	rw1-u03-a	directory-defined candidate review span
rw1	NHCE4-RW1	73	73	58	article-candidate	rw1-u03-a	directory-defined candidate review span
rw1	NHCE4-RW1	74	74	59	article-candidate	rw1-u03-a	directory-defined candidate review span
rw1	NHCE4-RW1	75	75	60	article-candidate	rw1-u03-a	directory-defined candidate review span
rw1	NHCE4-RW1	76	76	61	article-candidate	rw1-u03-a	directory-defined candidate review span
rw1	NHCE4-RW1	77	77	62	article-candidate	rw1-u03-a	directory-defined candidate review span
rw1	NHCE4-RW1	78	78	63	article-candidate	rw1-u03-a	directory-defined candidate review span
rw1	NHCE4-RW1	79	79	64	article-candidate	rw1-u03-a	directory-defined candidate review span
rw1	NHCE4-RW1	80	80	65	teaching-support		unit opening/exercises/skills/writing/project
rw1	NHCE4-RW1	81	81	66	teaching-support		unit opening/exercises/skills/writing/project
rw1	NHCE4-RW1	82	82	67	teaching-support		unit opening/exercises/skills/writing/project
rw1	NHCE4-RW1	83	83	68	teaching-support		unit opening/exercises/skills/writing/project
rw1	NHCE4-RW1	84	84	69	article-candidate	rw1-u03-b	directory-defined candidate review span
rw1	NHCE4-RW1	85	85	70	article-candidate	rw1-u03-b	directory-defined candidate review span
rw1	NHCE4-RW1	86	86	71	article-candidate	rw1-u03-b	directory-defined candidate review span
rw1	NHCE4-RW1	87	87	72	article-candidate	rw1-u03-b	directory-defined candidate review span
rw1	NHCE4-RW1	88	88	73	article-candidate	rw1-u03-b	directory-defined candidate review span
rw1	NHCE4-RW1	89	89	74	article-candidate	rw1-u03-b	directory-defined candidate review span
rw1	NHCE4-RW1	90	90	75	article-candidate	rw1-u03-b	directory-defined candidate review span
rw1	NHCE4-RW1	91	91	76	article-candidate	rw1-u03-b	directory-defined candidate review span
rw1	NHCE4-RW1	92	92	77	article-candidate	rw1-u03-c	directory-defined candidate review span
rw1	NHCE4-RW1	93	93	78	article-candidate	rw1-u03-c	directory-defined candidate review span
rw1	NHCE4-RW1	94	94	79	teaching-support		unit opening/exercises/skills/writing/project
rw1	NHCE4-RW1	95	95	80	teaching-support		unit opening/exercises/skills/writing/project
rw1	NHCE4-RW1	96	96	81	teaching-support		unit opening/exercises/skills/writing/project
rw1	NHCE4-RW1	97	97	82	article-candidate	rw1-u04-a	directory-defined candidate review span
rw1	NHCE4-RW1	98	98	83	article-candidate	rw1-u04-a	directory-defined candidate review span
rw1	NHCE4-RW1	99	99	84	article-candidate	rw1-u04-a	directory-defined candidate review span
rw1	NHCE4-RW1	100	100	85	article-candidate	rw1-u04-a	directory-defined candidate review span
rw1	NHCE4-RW1	101	101	86	article-candidate	rw1-u04-a	directory-defined candidate review span
rw1	NHCE4-RW1	102	102	87	article-candidate	rw1-u04-a	directory-defined candidate review span
rw1	NHCE4-RW1	103	103	88	article-candidate	rw1-u04-a	directory-defined candidate review span
rw1	NHCE4-RW1	104	104	89	article-candidate	rw1-u04-a	directory-defined candidate review span
rw1	NHCE4-RW1	105	105	90	article-candidate	rw1-u04-a	directory-defined candidate review span
rw1	NHCE4-RW1	106	106	91	teaching-support		unit opening/exercises/skills/writing/project
rw1	NHCE4-RW1	107	107	92	teaching-support		unit opening/exercises/skills/writing/project
rw1	NHCE4-RW1	108	108	93	teaching-support		unit opening/exercises/skills/writing/project
rw1	NHCE4-RW1	109	109	94	teaching-support		unit opening/exercises/skills/writing/project
rw1	NHCE4-RW1	110	110	95	teaching-support		unit opening/exercises/skills/writing/project
rw1	NHCE4-RW1	111	111	96	article-candidate	rw1-u04-b	directory-defined candidate review span
rw1	NHCE4-RW1	112	112	97	article-candidate	rw1-u04-b	directory-defined candidate review span
rw1	NHCE4-RW1	113	113	98	article-candidate	rw1-u04-b	directory-defined candidate review span
rw1	NHCE4-RW1	114	114	99	article-candidate	rw1-u04-b	directory-defined candidate review span
rw1	NHCE4-RW1	115	115	100	article-candidate	rw1-u04-b	directory-defined candidate review span
rw1	NHCE4-RW1	116	116	101	article-candidate	rw1-u04-b	directory-defined candidate review span
rw1	NHCE4-RW1	117	117	102	article-candidate	rw1-u04-b	directory-defined candidate review span
rw1	NHCE4-RW1	118	118	103	article-candidate	rw1-u04-c	directory-defined candidate review span
rw1	NHCE4-RW1	119	119	104	article-candidate	rw1-u04-c	directory-defined candidate review span
rw1	NHCE4-RW1	120	120	105	teaching-support		unit opening/exercises/skills/writing/project
rw1	NHCE4-RW1	121	121	106	teaching-support		unit opening/exercises/skills/writing/project
rw1	NHCE4-RW1	122	122	107	teaching-support		unit opening/exercises/skills/writing/project
rw1	NHCE4-RW1	123	123	108	article-candidate	rw1-u05-a	directory-defined candidate review span
rw1	NHCE4-RW1	124	124	109	article-candidate	rw1-u05-a	directory-defined candidate review span
rw1	NHCE4-RW1	125	125	110	article-candidate	rw1-u05-a	directory-defined candidate review span
rw1	NHCE4-RW1	126	126	111	article-candidate	rw1-u05-a	directory-defined candidate review span
rw1	NHCE4-RW1	127	127	112	article-candidate	rw1-u05-a	directory-defined candidate review span
rw1	NHCE4-RW1	128	128	113	article-candidate	rw1-u05-a	directory-defined candidate review span
rw1	NHCE4-RW1	129	129	114	article-candidate	rw1-u05-a	directory-defined candidate review span
rw1	NHCE4-RW1	130	130	115	article-candidate	rw1-u05-a	directory-defined candidate review span
rw1	NHCE4-RW1	131	131	116	article-candidate	rw1-u05-a	directory-defined candidate review span
rw1	NHCE4-RW1	132	132	117	teaching-support		unit opening/exercises/skills/writing/project
rw1	NHCE4-RW1	133	133	118	teaching-support		unit opening/exercises/skills/writing/project
rw1	NHCE4-RW1	134	134	119	teaching-support		unit opening/exercises/skills/writing/project
rw1	NHCE4-RW1	135	135	120	teaching-support		unit opening/exercises/skills/writing/project
rw1	NHCE4-RW1	136	136	121	article-candidate	rw1-u05-b	directory-defined candidate review span
rw1	NHCE4-RW1	137	137	122	article-candidate	rw1-u05-b	directory-defined candidate review span
rw1	NHCE4-RW1	138	138	123	article-candidate	rw1-u05-b	directory-defined candidate review span
rw1	NHCE4-RW1	139	139	124	article-candidate	rw1-u05-b	directory-defined candidate review span
rw1	NHCE4-RW1	140	140	125	article-candidate	rw1-u05-b	directory-defined candidate review span
rw1	NHCE4-RW1	141	141	126	article-candidate	rw1-u05-b	directory-defined candidate review span
rw1	NHCE4-RW1	142	142	127	article-candidate	rw1-u05-b	directory-defined candidate review span
rw1	NHCE4-RW1	143	143	128	article-candidate	rw1-u05-b	directory-defined candidate review span
rw1	NHCE4-RW1	144	144	129	article-candidate	rw1-u05-c	directory-defined candidate review span
rw1	NHCE4-RW1	145	145	130	article-candidate	rw1-u05-c	directory-defined candidate review span
rw1	NHCE4-RW1	146	146	131	teaching-support		unit opening/exercises/skills/writing/project
rw1	NHCE4-RW1	147	147	132	teaching-support		unit opening/exercises/skills/writing/project
rw1	NHCE4-RW1	148	148	133	teaching-support		unit opening/exercises/skills/writing/project
rw1	NHCE4-RW1	149	149	134	article-candidate	rw1-u06-a	directory-defined candidate review span
rw1	NHCE4-RW1	150	150	135	article-candidate	rw1-u06-a	directory-defined candidate review span
rw1	NHCE4-RW1	151	151	136	article-candidate	rw1-u06-a	directory-defined candidate review span
rw1	NHCE4-RW1	152	152	137	teaching-support		unit opening/exercises/skills/writing/project
rw1	NHCE4-RW1	153	153	138	teaching-support		unit opening/exercises/skills/writing/project
rw1	NHCE4-RW1	154	154	139	teaching-support		unit opening/exercises/skills/writing/project
rw1	NHCE4-RW1	155	155	140	teaching-support		unit opening/exercises/skills/writing/project
rw1	NHCE4-RW1	156	156	141	teaching-support		unit opening/exercises/skills/writing/project
rw1	NHCE4-RW1	157	157	142	teaching-support		unit opening/exercises/skills/writing/project
rw1	NHCE4-RW1	158	158	143	teaching-support		unit opening/exercises/skills/writing/project
rw1	NHCE4-RW1	159	159	144	teaching-support		unit opening/exercises/skills/writing/project
rw1	NHCE4-RW1	160	160	145	teaching-support		unit opening/exercises/skills/writing/project
rw1	NHCE4-RW1	161	161	146	teaching-support		unit opening/exercises/skills/writing/project
rw1	NHCE4-RW1	162	162	147	article-candidate	rw1-u06-b	directory-defined candidate review span
rw1	NHCE4-RW1	163	163	148	article-candidate	rw1-u06-b	directory-defined candidate review span
rw1	NHCE4-RW1	164	164	149	article-candidate	rw1-u06-b	directory-defined candidate review span
rw1	NHCE4-RW1	165	165	150	teaching-support		unit opening/exercises/skills/writing/project
rw1	NHCE4-RW1	166	166	151	teaching-support		unit opening/exercises/skills/writing/project
rw1	NHCE4-RW1	167	167	152	teaching-support		unit opening/exercises/skills/writing/project
rw1	NHCE4-RW1	168	168	153	teaching-support		unit opening/exercises/skills/writing/project
rw1	NHCE4-RW1	169	169	154	teaching-support		unit opening/exercises/skills/writing/project
rw1	NHCE4-RW1	170	170	155	article-candidate	rw1-u06-c	directory-defined candidate review span
rw1	NHCE4-RW1	171	171	156	article-candidate	rw1-u06-c	directory-defined candidate review span
rw1	NHCE4-RW1	172	172	157	vocabulary-or-back-matter		after final directory-defined article
rw1	NHCE4-RW1	173	173	158	vocabulary-or-back-matter		after final directory-defined article
rw1	NHCE4-RW1	174	174	159	vocabulary-or-back-matter		after final directory-defined article
rw1	NHCE4-RW1	175	175	160	vocabulary-or-back-matter		after final directory-defined article
rw1	NHCE4-RW1	176	176	161	vocabulary-or-back-matter		after final directory-defined article
rw1	NHCE4-RW1	177	177	162	vocabulary-or-back-matter		after final directory-defined article
rw1	NHCE4-RW1	178	178	163	vocabulary-or-back-matter		after final directory-defined article
rw1	NHCE4-RW1	179	179	164	vocabulary-or-back-matter		after final directory-defined article
rw1	NHCE4-RW1	180	180	165	vocabulary-or-back-matter		after final directory-defined article
rw1	NHCE4-RW1	181	181	166	vocabulary-or-back-matter		after final directory-defined article
rw1	NHCE4-RW1	182	182	167	vocabulary-or-back-matter		after final directory-defined article
rw1	NHCE4-RW1	183	183	168	vocabulary-or-back-matter		after final directory-defined article
rw2	NHCE4-RW2	1	1		front-matter		cover/copyright/preface/contents
rw2	NHCE4-RW2	2	2		front-matter		cover/copyright/preface/contents
rw2	NHCE4-RW2	3	3		front-matter		cover/copyright/preface/contents
rw2	NHCE4-RW2	4	4		front-matter		cover/copyright/preface/contents
rw2	NHCE4-RW2	5	5		front-matter		cover/copyright/preface/contents
rw2	NHCE4-RW2	6	6		front-matter		cover/copyright/preface/contents
rw2	NHCE4-RW2	7	7		front-matter		cover/copyright/preface/contents
rw2	NHCE4-RW2	8	8		front-matter		cover/copyright/preface/contents
rw2	NHCE4-RW2	9	9		front-matter		cover/copyright/preface/contents
rw2	NHCE4-RW2	10	10		front-matter		cover/copyright/preface/contents
rw2	NHCE4-RW2	11	11		front-matter		cover/copyright/preface/contents
rw2	NHCE4-RW2	12	12		front-matter		cover/copyright/preface/contents
rw2	NHCE4-RW2	13	13		front-matter		cover/copyright/preface/contents
rw2	NHCE4-RW2	14	14		front-matter		cover/copyright/preface/contents
rw2	NHCE4-RW2	15	15		front-matter		cover/copyright/preface/contents
rw2	NHCE4-RW2	16	16	1	teaching-support		unit opening/exercises/skills/writing/project
rw2	NHCE4-RW2	17	17	2	teaching-support		unit opening/exercises/skills/writing/project
rw2	NHCE4-RW2	18	18	3	teaching-support		unit opening/exercises/skills/writing/project
rw2	NHCE4-RW2	19	19	4	article-candidate	rw2-u01-a	directory-defined candidate review span
rw2	NHCE4-RW2	20	20	5	article-candidate	rw2-u01-a	directory-defined candidate review span
rw2	NHCE4-RW2	21	21	6	article-candidate	rw2-u01-a	directory-defined candidate review span
rw2	NHCE4-RW2	22	22	7	teaching-support		unit opening/exercises/skills/writing/project
rw2	NHCE4-RW2	23	23	8	teaching-support		unit opening/exercises/skills/writing/project
rw2	NHCE4-RW2	24	24	9	teaching-support		unit opening/exercises/skills/writing/project
rw2	NHCE4-RW2	25	25	10	teaching-support		unit opening/exercises/skills/writing/project
rw2	NHCE4-RW2	26	26	11	teaching-support		unit opening/exercises/skills/writing/project
rw2	NHCE4-RW2	27	27	12	teaching-support		unit opening/exercises/skills/writing/project
rw2	NHCE4-RW2	28	28	13	teaching-support		unit opening/exercises/skills/writing/project
rw2	NHCE4-RW2	29	29	14	teaching-support		unit opening/exercises/skills/writing/project
rw2	NHCE4-RW2	30	30	15	teaching-support		unit opening/exercises/skills/writing/project
rw2	NHCE4-RW2	31	31	16	teaching-support		unit opening/exercises/skills/writing/project
rw2	NHCE4-RW2	32	32	17	teaching-support		unit opening/exercises/skills/writing/project
rw2	NHCE4-RW2	33	33	18	article-candidate	rw2-u01-b	directory-defined candidate review span
rw2	NHCE4-RW2	34	34	19	article-candidate	rw2-u01-b	directory-defined candidate review span
rw2	NHCE4-RW2	35	35	20	teaching-support		unit opening/exercises/skills/writing/project
rw2	NHCE4-RW2	36	36	21	teaching-support		unit opening/exercises/skills/writing/project
rw2	NHCE4-RW2	37	37	22	teaching-support		unit opening/exercises/skills/writing/project
rw2	NHCE4-RW2	38	38	23	teaching-support		unit opening/exercises/skills/writing/project
rw2	NHCE4-RW2	39	39	24	teaching-support		unit opening/exercises/skills/writing/project
rw2	NHCE4-RW2	40	40	25	article-candidate	rw2-u01-c	directory-defined candidate review span
rw2	NHCE4-RW2	41	41	26	article-candidate	rw2-u01-c	directory-defined candidate review span
rw2	NHCE4-RW2	42	42	27	teaching-support		unit opening/exercises/skills/writing/project
rw2	NHCE4-RW2	43	43	28	teaching-support		unit opening/exercises/skills/writing/project
rw2	NHCE4-RW2	44	44	29	teaching-support		unit opening/exercises/skills/writing/project
rw2	NHCE4-RW2	45	45	30	article-candidate	rw2-u02-a	directory-defined candidate review span
rw2	NHCE4-RW2	46	46	31	article-candidate	rw2-u02-a	directory-defined candidate review span
rw2	NHCE4-RW2	47	47	32	article-candidate	rw2-u02-a	directory-defined candidate review span
rw2	NHCE4-RW2	48	48	33	teaching-support		unit opening/exercises/skills/writing/project
rw2	NHCE4-RW2	49	49	34	teaching-support		unit opening/exercises/skills/writing/project
rw2	NHCE4-RW2	50	50	35	teaching-support		unit opening/exercises/skills/writing/project
rw2	NHCE4-RW2	51	51	36	teaching-support		unit opening/exercises/skills/writing/project
rw2	NHCE4-RW2	52	52	37	teaching-support		unit opening/exercises/skills/writing/project
rw2	NHCE4-RW2	53	53	38	teaching-support		unit opening/exercises/skills/writing/project
rw2	NHCE4-RW2	54	54	39	teaching-support		unit opening/exercises/skills/writing/project
rw2	NHCE4-RW2	55	55	40	teaching-support		unit opening/exercises/skills/writing/project
rw2	NHCE4-RW2	56	56	41	teaching-support		unit opening/exercises/skills/writing/project
rw2	NHCE4-RW2	57	57	42	teaching-support		unit opening/exercises/skills/writing/project
rw2	NHCE4-RW2	58	58	43	teaching-support		unit opening/exercises/skills/writing/project
rw2	NHCE4-RW2	59	59	44	article-candidate	rw2-u02-b	directory-defined candidate review span
rw2	NHCE4-RW2	60	60	45	article-candidate	rw2-u02-b	directory-defined candidate review span
rw2	NHCE4-RW2	61	61	46	teaching-support		unit opening/exercises/skills/writing/project
rw2	NHCE4-RW2	62	62	47	teaching-support		unit opening/exercises/skills/writing/project
rw2	NHCE4-RW2	63	63	48	teaching-support		unit opening/exercises/skills/writing/project
rw2	NHCE4-RW2	64	64	49	teaching-support		unit opening/exercises/skills/writing/project
rw2	NHCE4-RW2	65	65	50	teaching-support		unit opening/exercises/skills/writing/project
rw2	NHCE4-RW2	66	66	51	article-candidate	rw2-u02-c	directory-defined candidate review span
rw2	NHCE4-RW2	67	67	52	article-candidate	rw2-u02-c	directory-defined candidate review span
rw2	NHCE4-RW2	68	68	53	teaching-support		unit opening/exercises/skills/writing/project
rw2	NHCE4-RW2	69	69	54	teaching-support		unit opening/exercises/skills/writing/project
rw2	NHCE4-RW2	70	70	55	teaching-support		unit opening/exercises/skills/writing/project
rw2	NHCE4-RW2	71	71	56	teaching-support		unit opening/exercises/skills/writing/project
rw2	NHCE4-RW2	72	72	57	article-candidate	rw2-u03-a	directory-defined candidate review span
rw2	NHCE4-RW2	73	73	58	article-candidate	rw2-u03-a	directory-defined candidate review span
rw2	NHCE4-RW2	74	74	59	teaching-support		unit opening/exercises/skills/writing/project
rw2	NHCE4-RW2	75	75	60	teaching-support		unit opening/exercises/skills/writing/project
rw2	NHCE4-RW2	76	76	61	teaching-support		unit opening/exercises/skills/writing/project
rw2	NHCE4-RW2	77	77	62	teaching-support		unit opening/exercises/skills/writing/project
rw2	NHCE4-RW2	78	78	63	teaching-support		unit opening/exercises/skills/writing/project
rw2	NHCE4-RW2	79	79	64	teaching-support		unit opening/exercises/skills/writing/project
rw2	NHCE4-RW2	80	80	65	teaching-support		unit opening/exercises/skills/writing/project
rw2	NHCE4-RW2	81	81	66	teaching-support		unit opening/exercises/skills/writing/project
rw2	NHCE4-RW2	82	82	67	teaching-support		unit opening/exercises/skills/writing/project
rw2	NHCE4-RW2	83	83	68	teaching-support		unit opening/exercises/skills/writing/project
rw2	NHCE4-RW2	84	84	69	article-candidate	rw2-u03-b	directory-defined candidate review span
rw2	NHCE4-RW2	85	85	70	article-candidate	rw2-u03-b	directory-defined candidate review span
rw2	NHCE4-RW2	86	86	71	article-candidate	rw2-u03-b	directory-defined candidate review span
rw2	NHCE4-RW2	87	87	72	teaching-support		unit opening/exercises/skills/writing/project
rw2	NHCE4-RW2	88	88	73	teaching-support		unit opening/exercises/skills/writing/project
rw2	NHCE4-RW2	89	89	74	teaching-support		unit opening/exercises/skills/writing/project
rw2	NHCE4-RW2	90	90	75	teaching-support		unit opening/exercises/skills/writing/project
rw2	NHCE4-RW2	91	91	76	teaching-support		unit opening/exercises/skills/writing/project
rw2	NHCE4-RW2	92	92	77	article-candidate	rw2-u03-c	directory-defined candidate review span
rw2	NHCE4-RW2	93	93	78	article-candidate	rw2-u03-c	directory-defined candidate review span
rw2	NHCE4-RW2	94	94	79	teaching-support		unit opening/exercises/skills/writing/project
rw2	NHCE4-RW2	95	95	80	teaching-support		unit opening/exercises/skills/writing/project
rw2	NHCE4-RW2	96	96	81	teaching-support		unit opening/exercises/skills/writing/project
rw2	NHCE4-RW2	97	97	82	article-candidate	rw2-u04-a	directory-defined candidate review span
rw2	NHCE4-RW2	98	98	83	article-candidate	rw2-u04-a	directory-defined candidate review span
rw2	NHCE4-RW2	99	99	84	article-candidate	rw2-u04-a	directory-defined candidate review span
rw2	NHCE4-RW2	100	100	85	teaching-support		unit opening/exercises/skills/writing/project
rw2	NHCE4-RW2	101	101	86	teaching-support		unit opening/exercises/skills/writing/project
rw2	NHCE4-RW2	102	102	87	teaching-support		unit opening/exercises/skills/writing/project
rw2	NHCE4-RW2	103	103	88	teaching-support		unit opening/exercises/skills/writing/project
rw2	NHCE4-RW2	104	104	89	teaching-support		unit opening/exercises/skills/writing/project
rw2	NHCE4-RW2	105	105	90	teaching-support		unit opening/exercises/skills/writing/project
rw2	NHCE4-RW2	106	106	91	teaching-support		unit opening/exercises/skills/writing/project
rw2	NHCE4-RW2	107	107	92	teaching-support		unit opening/exercises/skills/writing/project
rw2	NHCE4-RW2	108	108	93	teaching-support		unit opening/exercises/skills/writing/project
rw2	NHCE4-RW2	109	109	94	teaching-support		unit opening/exercises/skills/writing/project
rw2	NHCE4-RW2	110	110	95	article-candidate	rw2-u04-b	directory-defined candidate review span
rw2	NHCE4-RW2	111	111	96	article-candidate	rw2-u04-b	directory-defined candidate review span
rw2	NHCE4-RW2	112	112	97	article-candidate	rw2-u04-b	directory-defined candidate review span
rw2	NHCE4-RW2	113	113	98	teaching-support		unit opening/exercises/skills/writing/project
rw2	NHCE4-RW2	114	114	99	teaching-support		unit opening/exercises/skills/writing/project
rw2	NHCE4-RW2	115	115	100	teaching-support		unit opening/exercises/skills/writing/project
rw2	NHCE4-RW2	116	116	101	teaching-support		unit opening/exercises/skills/writing/project
rw2	NHCE4-RW2	117	117	102	teaching-support		unit opening/exercises/skills/writing/project
rw2	NHCE4-RW2	118	118	103	article-candidate	rw2-u04-c	directory-defined candidate review span
rw2	NHCE4-RW2	119	119	104	article-candidate	rw2-u04-c	directory-defined candidate review span
rw2	NHCE4-RW2	120	120	105	teaching-support		unit opening/exercises/skills/writing/project
rw2	NHCE4-RW2	121	121	106	teaching-support		unit opening/exercises/skills/writing/project
rw2	NHCE4-RW2	122	122	107	teaching-support		unit opening/exercises/skills/writing/project
rw2	NHCE4-RW2	123	123	108	article-candidate	rw2-u05-a	directory-defined candidate review span
rw2	NHCE4-RW2	124	124	109	article-candidate	rw2-u05-a	directory-defined candidate review span
rw2	NHCE4-RW2	125	125	110	article-candidate	rw2-u05-a	directory-defined candidate review span
rw2	NHCE4-RW2	126	126	111	teaching-support		unit opening/exercises/skills/writing/project
rw2	NHCE4-RW2	127	127	112	teaching-support		unit opening/exercises/skills/writing/project
rw2	NHCE4-RW2	128	128	113	teaching-support		unit opening/exercises/skills/writing/project
rw2	NHCE4-RW2	129	129	114	teaching-support		unit opening/exercises/skills/writing/project
rw2	NHCE4-RW2	130	130	115	teaching-support		unit opening/exercises/skills/writing/project
rw2	NHCE4-RW2	131	131	116	teaching-support		unit opening/exercises/skills/writing/project
rw2	NHCE4-RW2	132	132	117	teaching-support		unit opening/exercises/skills/writing/project
rw2	NHCE4-RW2	133	133	118	teaching-support		unit opening/exercises/skills/writing/project
rw2	NHCE4-RW2	134	134	119	teaching-support		unit opening/exercises/skills/writing/project
rw2	NHCE4-RW2	135	135	120	teaching-support		unit opening/exercises/skills/writing/project
rw2	NHCE4-RW2	136	136	121	teaching-support		unit opening/exercises/skills/writing/project
rw2	NHCE4-RW2	137	137	122	article-candidate	rw2-u05-b	directory-defined candidate review span
rw2	NHCE4-RW2	138	138	123	article-candidate	rw2-u05-b	directory-defined candidate review span
rw2	NHCE4-RW2	139	139	124	article-candidate	rw2-u05-b	directory-defined candidate review span
rw2	NHCE4-RW2	140	140	125	teaching-support		unit opening/exercises/skills/writing/project
rw2	NHCE4-RW2	141	141	126	teaching-support		unit opening/exercises/skills/writing/project
rw2	NHCE4-RW2	142	142	127	teaching-support		unit opening/exercises/skills/writing/project
rw2	NHCE4-RW2	143	143	128	teaching-support		unit opening/exercises/skills/writing/project
rw2	NHCE4-RW2	144	144	129	teaching-support		unit opening/exercises/skills/writing/project
rw2	NHCE4-RW2	145	145	130	teaching-support		unit opening/exercises/skills/writing/project
rw2	NHCE4-RW2	146	146	131	article-candidate	rw2-u05-c	directory-defined candidate review span
rw2	NHCE4-RW2	147	147	132	article-candidate	rw2-u05-c	directory-defined candidate review span
rw2	NHCE4-RW2	148	148	133	teaching-support		unit opening/exercises/skills/writing/project
rw2	NHCE4-RW2	149	149	134	teaching-support		unit opening/exercises/skills/writing/project
rw2	NHCE4-RW2	150	150	135	teaching-support		unit opening/exercises/skills/writing/project
rw2	NHCE4-RW2	151	151	136	article-candidate	rw2-u06-a	directory-defined candidate review span
rw2	NHCE4-RW2	152	152	137	article-candidate	rw2-u06-a	directory-defined candidate review span
rw2	NHCE4-RW2	153	153	138	article-candidate	rw2-u06-a	directory-defined candidate review span
rw2	NHCE4-RW2	154	154	139	teaching-support		unit opening/exercises/skills/writing/project
rw2	NHCE4-RW2	155	155	140	teaching-support		unit opening/exercises/skills/writing/project
rw2	NHCE4-RW2	156	156	141	teaching-support		unit opening/exercises/skills/writing/project
rw2	NHCE4-RW2	157	157	142	teaching-support		unit opening/exercises/skills/writing/project
rw2	NHCE4-RW2	158	158	143	teaching-support		unit opening/exercises/skills/writing/project
rw2	NHCE4-RW2	159	159	144	teaching-support		unit opening/exercises/skills/writing/project
rw2	NHCE4-RW2	160	160	145	teaching-support		unit opening/exercises/skills/writing/project
rw2	NHCE4-RW2	161	161	146	teaching-support		unit opening/exercises/skills/writing/project
rw2	NHCE4-RW2	162	162	147	teaching-support		unit opening/exercises/skills/writing/project
rw2	NHCE4-RW2	163	163	148	teaching-support		unit opening/exercises/skills/writing/project
rw2	NHCE4-RW2	164	164	149	teaching-support		unit opening/exercises/skills/writing/project
rw2	NHCE4-RW2	165	165	150	teaching-support		unit opening/exercises/skills/writing/project
rw2	NHCE4-RW2	166	166	151	article-candidate	rw2-u06-b	directory-defined candidate review span
rw2	NHCE4-RW2	167	167	152	article-candidate	rw2-u06-b	directory-defined candidate review span
rw2	NHCE4-RW2	168	168	153	article-candidate	rw2-u06-b	directory-defined candidate review span
rw2	NHCE4-RW2	169	169	154	teaching-support		unit opening/exercises/skills/writing/project
rw2	NHCE4-RW2	170	170	155	teaching-support		unit opening/exercises/skills/writing/project
rw2	NHCE4-RW2	171	171	156	teaching-support		unit opening/exercises/skills/writing/project
rw2	NHCE4-RW2	172	172	157	teaching-support		unit opening/exercises/skills/writing/project
rw2	NHCE4-RW2	173	173	158	teaching-support		unit opening/exercises/skills/writing/project
rw2	NHCE4-RW2	174	174	159	article-candidate	rw2-u06-c	directory-defined candidate review span
rw2	NHCE4-RW2	175	175	160	article-candidate	rw2-u06-c	directory-defined candidate review span
rw2	NHCE4-RW2	176	176	161	vocabulary-or-back-matter		after final directory-defined article
rw2	NHCE4-RW2	177			trailing-blank		blank trailing PDF page; no OCR image required
rw3	NHCE4-RW3	1	1		front-matter		cover/copyright/preface/contents
rw3	NHCE4-RW3	2	2		front-matter		cover/copyright/preface/contents
rw3	NHCE4-RW3	3	3		front-matter		cover/copyright/preface/contents
rw3	NHCE4-RW3	4	4		front-matter		cover/copyright/preface/contents
rw3	NHCE4-RW3	5	5		front-matter		cover/copyright/preface/contents
rw3	NHCE4-RW3	6	6		front-matter		cover/copyright/preface/contents
rw3	NHCE4-RW3	7	7		front-matter		cover/copyright/preface/contents
rw3	NHCE4-RW3	8	8		front-matter		cover/copyright/preface/contents
rw3	NHCE4-RW3	9	9		front-matter		cover/copyright/preface/contents
rw3	NHCE4-RW3	10	10		front-matter		cover/copyright/preface/contents
rw3	NHCE4-RW3	11	11		front-matter		cover/copyright/preface/contents
rw3	NHCE4-RW3	12	12		front-matter		cover/copyright/preface/contents
rw3	NHCE4-RW3	13	13		front-matter		cover/copyright/preface/contents
rw3	NHCE4-RW3	14	14		front-matter		cover/copyright/preface/contents
rw3	NHCE4-RW3	15	15		front-matter		cover/copyright/preface/contents
rw3	NHCE4-RW3	16	16	1	teaching-support		unit opening/exercises/skills/writing/project
rw3	NHCE4-RW3	17	17	2	teaching-support		unit opening/exercises/skills/writing/project
rw3	NHCE4-RW3	18	18	3	teaching-support		unit opening/exercises/skills/writing/project
rw3	NHCE4-RW3	19	19	4	teaching-support		unit opening/exercises/skills/writing/project
rw3	NHCE4-RW3	20	20	5	article-candidate	rw3-u01-a	directory-defined candidate review span
rw3	NHCE4-RW3	21	21	6	article-candidate	rw3-u01-a	directory-defined candidate review span
rw3	NHCE4-RW3	22	22	7	article-candidate	rw3-u01-a	directory-defined candidate review span
rw3	NHCE4-RW3	23	23	8	teaching-support		unit opening/exercises/skills/writing/project
rw3	NHCE4-RW3	24	24	9	teaching-support		unit opening/exercises/skills/writing/project
rw3	NHCE4-RW3	25	25	10	teaching-support		unit opening/exercises/skills/writing/project
rw3	NHCE4-RW3	26	26	11	teaching-support		unit opening/exercises/skills/writing/project
rw3	NHCE4-RW3	27	27	12	teaching-support		unit opening/exercises/skills/writing/project
rw3	NHCE4-RW3	28	28	13	teaching-support		unit opening/exercises/skills/writing/project
rw3	NHCE4-RW3	29	29	14	teaching-support		unit opening/exercises/skills/writing/project
rw3	NHCE4-RW3	30	30	15	teaching-support		unit opening/exercises/skills/writing/project
rw3	NHCE4-RW3	31	31	16	teaching-support		unit opening/exercises/skills/writing/project
rw3	NHCE4-RW3	32	32	17	teaching-support		unit opening/exercises/skills/writing/project
rw3	NHCE4-RW3	33	33	18	teaching-support		unit opening/exercises/skills/writing/project
rw3	NHCE4-RW3	34	34	19	teaching-support		unit opening/exercises/skills/writing/project
rw3	NHCE4-RW3	35	35	20	article-candidate	rw3-u01-b	directory-defined candidate review span
rw3	NHCE4-RW3	36	36	21	article-candidate	rw3-u01-b	directory-defined candidate review span
rw3	NHCE4-RW3	37	37	22	teaching-support		unit opening/exercises/skills/writing/project
rw3	NHCE4-RW3	38	38	23	teaching-support		unit opening/exercises/skills/writing/project
rw3	NHCE4-RW3	39	39	24	teaching-support		unit opening/exercises/skills/writing/project
rw3	NHCE4-RW3	40	40	25	teaching-support		unit opening/exercises/skills/writing/project
rw3	NHCE4-RW3	41	41	26	teaching-support		unit opening/exercises/skills/writing/project
rw3	NHCE4-RW3	42	42	27	article-candidate	rw3-u01-c	directory-defined candidate review span
rw3	NHCE4-RW3	43	43	28	article-candidate	rw3-u01-c	directory-defined candidate review span
rw3	NHCE4-RW3	44	44	29	teaching-support		unit opening/exercises/skills/writing/project
rw3	NHCE4-RW3	45	45	30	teaching-support		unit opening/exercises/skills/writing/project
rw3	NHCE4-RW3	46	46	31	teaching-support		unit opening/exercises/skills/writing/project
rw3	NHCE4-RW3	47	47	32	article-candidate	rw3-u02-a	directory-defined candidate review span
rw3	NHCE4-RW3	48	48	33	article-candidate	rw3-u02-a	directory-defined candidate review span
rw3	NHCE4-RW3	49	49	34	article-candidate	rw3-u02-a	directory-defined candidate review span
rw3	NHCE4-RW3	50	50	35	teaching-support		unit opening/exercises/skills/writing/project
rw3	NHCE4-RW3	51	51	36	teaching-support		unit opening/exercises/skills/writing/project
rw3	NHCE4-RW3	52	52	37	teaching-support		unit opening/exercises/skills/writing/project
rw3	NHCE4-RW3	53	53	38	teaching-support		unit opening/exercises/skills/writing/project
rw3	NHCE4-RW3	54	54	39	teaching-support		unit opening/exercises/skills/writing/project
rw3	NHCE4-RW3	55	55	40	teaching-support		unit opening/exercises/skills/writing/project
rw3	NHCE4-RW3	56	56	41	teaching-support		unit opening/exercises/skills/writing/project
rw3	NHCE4-RW3	57	57	42	teaching-support		unit opening/exercises/skills/writing/project
rw3	NHCE4-RW3	58	58	43	teaching-support		unit opening/exercises/skills/writing/project
rw3	NHCE4-RW3	59	59	44	teaching-support		unit opening/exercises/skills/writing/project
rw3	NHCE4-RW3	60	60	45	teaching-support		unit opening/exercises/skills/writing/project
rw3	NHCE4-RW3	61	61	46	article-candidate	rw3-u02-b	directory-defined candidate review span
rw3	NHCE4-RW3	62	62	47	article-candidate	rw3-u02-b	directory-defined candidate review span
rw3	NHCE4-RW3	63	63	48	teaching-support		unit opening/exercises/skills/writing/project
rw3	NHCE4-RW3	64	64	49	teaching-support		unit opening/exercises/skills/writing/project
rw3	NHCE4-RW3	65	65	50	teaching-support		unit opening/exercises/skills/writing/project
rw3	NHCE4-RW3	66	66	51	teaching-support		unit opening/exercises/skills/writing/project
rw3	NHCE4-RW3	67	67	52	teaching-support		unit opening/exercises/skills/writing/project
rw3	NHCE4-RW3	68	68	53	teaching-support		unit opening/exercises/skills/writing/project
rw3	NHCE4-RW3	69	69	54	article-candidate	rw3-u02-c	directory-defined candidate review span
rw3	NHCE4-RW3	70	70	55	article-candidate	rw3-u02-c	directory-defined candidate review span
rw3	NHCE4-RW3	71	71	56	teaching-support		unit opening/exercises/skills/writing/project
rw3	NHCE4-RW3	72	72	57	teaching-support		unit opening/exercises/skills/writing/project
rw3	NHCE4-RW3	73	73	58	teaching-support		unit opening/exercises/skills/writing/project
rw3	NHCE4-RW3	74	74	59	teaching-support		unit opening/exercises/skills/writing/project
rw3	NHCE4-RW3	75	75	60	article-candidate	rw3-u03-a	directory-defined candidate review span
rw3	NHCE4-RW3	76	76	61	article-candidate	rw3-u03-a	directory-defined candidate review span
rw3	NHCE4-RW3	77	77	62	article-candidate	rw3-u03-a	directory-defined candidate review span
rw3	NHCE4-RW3	78	78	63	teaching-support		unit opening/exercises/skills/writing/project
rw3	NHCE4-RW3	79	79	64	teaching-support		unit opening/exercises/skills/writing/project
rw3	NHCE4-RW3	80	80	65	teaching-support		unit opening/exercises/skills/writing/project
rw3	NHCE4-RW3	81	81	66	teaching-support		unit opening/exercises/skills/writing/project
rw3	NHCE4-RW3	82	82	67	teaching-support		unit opening/exercises/skills/writing/project
rw3	NHCE4-RW3	83	83	68	teaching-support		unit opening/exercises/skills/writing/project
rw3	NHCE4-RW3	84	84	69	teaching-support		unit opening/exercises/skills/writing/project
rw3	NHCE4-RW3	85	85	70	teaching-support		unit opening/exercises/skills/writing/project
rw3	NHCE4-RW3	86	86	71	teaching-support		unit opening/exercises/skills/writing/project
rw3	NHCE4-RW3	87	87	72	teaching-support		unit opening/exercises/skills/writing/project
rw3	NHCE4-RW3	88	88	73	teaching-support		unit opening/exercises/skills/writing/project
rw3	NHCE4-RW3	89	89	74	article-candidate	rw3-u03-b	directory-defined candidate review span
rw3	NHCE4-RW3	90	90	75	article-candidate	rw3-u03-b	directory-defined candidate review span
rw3	NHCE4-RW3	91	91	76	teaching-support		unit opening/exercises/skills/writing/project
rw3	NHCE4-RW3	92	92	77	teaching-support		unit opening/exercises/skills/writing/project
rw3	NHCE4-RW3	93	93	78	teaching-support		unit opening/exercises/skills/writing/project
rw3	NHCE4-RW3	94	94	79	teaching-support		unit opening/exercises/skills/writing/project
rw3	NHCE4-RW3	95	95	80	teaching-support		unit opening/exercises/skills/writing/project
rw3	NHCE4-RW3	96	96	81	article-candidate	rw3-u03-c	directory-defined candidate review span
rw3	NHCE4-RW3	97	97	82	article-candidate	rw3-u03-c	directory-defined candidate review span
rw3	NHCE4-RW3	98	98	83	teaching-support		unit opening/exercises/skills/writing/project
rw3	NHCE4-RW3	99	99	84	teaching-support		unit opening/exercises/skills/writing/project
rw3	NHCE4-RW3	100	100	85	teaching-support		unit opening/exercises/skills/writing/project
rw3	NHCE4-RW3	101	101	86	teaching-support		unit opening/exercises/skills/writing/project
rw3	NHCE4-RW3	102	102	87	article-candidate	rw3-u04-a	directory-defined candidate review span
rw3	NHCE4-RW3	103	103	88	article-candidate	rw3-u04-a	directory-defined candidate review span
rw3	NHCE4-RW3	104	104	89	teaching-support		unit opening/exercises/skills/writing/project
rw3	NHCE4-RW3	105	105	90	teaching-support		unit opening/exercises/skills/writing/project
rw3	NHCE4-RW3	106	106	91	teaching-support		unit opening/exercises/skills/writing/project
rw3	NHCE4-RW3	107	107	92	teaching-support		unit opening/exercises/skills/writing/project
rw3	NHCE4-RW3	108	108	93	teaching-support		unit opening/exercises/skills/writing/project
rw3	NHCE4-RW3	109	109	94	teaching-support		unit opening/exercises/skills/writing/project
rw3	NHCE4-RW3	110	110	95	teaching-support		unit opening/exercises/skills/writing/project
rw3	NHCE4-RW3	111	111	96	teaching-support		unit opening/exercises/skills/writing/project
rw3	NHCE4-RW3	112	112	97	teaching-support		unit opening/exercises/skills/writing/project
rw3	NHCE4-RW3	113	113	98	teaching-support		unit opening/exercises/skills/writing/project
rw3	NHCE4-RW3	114	114	99	article-candidate	rw3-u04-b	directory-defined candidate review span
rw3	NHCE4-RW3	115	115	100	article-candidate	rw3-u04-b	directory-defined candidate review span
rw3	NHCE4-RW3	116	116	101	teaching-support		unit opening/exercises/skills/writing/project
rw3	NHCE4-RW3	117	117	102	teaching-support		unit opening/exercises/skills/writing/project
rw3	NHCE4-RW3	118	118	103	teaching-support		unit opening/exercises/skills/writing/project
rw3	NHCE4-RW3	119	119	104	teaching-support		unit opening/exercises/skills/writing/project
rw3	NHCE4-RW3	120	120	105	teaching-support		unit opening/exercises/skills/writing/project
rw3	NHCE4-RW3	121	121	106	teaching-support		unit opening/exercises/skills/writing/project
rw3	NHCE4-RW3	122	122	107	article-candidate	rw3-u04-c	directory-defined candidate review span
rw3	NHCE4-RW3	123	123	108	article-candidate	rw3-u04-c	directory-defined candidate review span
rw3	NHCE4-RW3	124	124	109	teaching-support		unit opening/exercises/skills/writing/project
rw3	NHCE4-RW3	125	125	110	teaching-support		unit opening/exercises/skills/writing/project
rw3	NHCE4-RW3	126	126	111	teaching-support		unit opening/exercises/skills/writing/project
rw3	NHCE4-RW3	127	127	112	article-candidate	rw3-u05-a	directory-defined candidate review span
rw3	NHCE4-RW3	128	128	113	article-candidate	rw3-u05-a	directory-defined candidate review span
rw3	NHCE4-RW3	129	129	114	article-candidate	rw3-u05-a	directory-defined candidate review span
rw3	NHCE4-RW3	130	130	115	teaching-support		unit opening/exercises/skills/writing/project
rw3	NHCE4-RW3	131	131	116	teaching-support		unit opening/exercises/skills/writing/project
rw3	NHCE4-RW3	132	132	117	teaching-support		unit opening/exercises/skills/writing/project
rw3	NHCE4-RW3	133	133	118	teaching-support		unit opening/exercises/skills/writing/project
rw3	NHCE4-RW3	134	134	119	teaching-support		unit opening/exercises/skills/writing/project
rw3	NHCE4-RW3	135	135	120	teaching-support		unit opening/exercises/skills/writing/project
rw3	NHCE4-RW3	136	136	121	teaching-support		unit opening/exercises/skills/writing/project
rw3	NHCE4-RW3	137	137	122	teaching-support		unit opening/exercises/skills/writing/project
rw3	NHCE4-RW3	138	138	123	teaching-support		unit opening/exercises/skills/writing/project
rw3	NHCE4-RW3	139	139	124	teaching-support		unit opening/exercises/skills/writing/project
rw3	NHCE4-RW3	140	140	125	article-candidate	rw3-u05-b	directory-defined candidate review span
rw3	NHCE4-RW3	141	141	126	article-candidate	rw3-u05-b	directory-defined candidate review span
rw3	NHCE4-RW3	142	142	127	article-candidate	rw3-u05-b	directory-defined candidate review span
rw3	NHCE4-RW3	143	143	128	teaching-support		unit opening/exercises/skills/writing/project
rw3	NHCE4-RW3	144	144	129	teaching-support		unit opening/exercises/skills/writing/project
rw3	NHCE4-RW3	145	145	130	teaching-support		unit opening/exercises/skills/writing/project
rw3	NHCE4-RW3	146	146	131	teaching-support		unit opening/exercises/skills/writing/project
rw3	NHCE4-RW3	147	147	132	teaching-support		unit opening/exercises/skills/writing/project
rw3	NHCE4-RW3	148	148	133	article-candidate	rw3-u05-c	directory-defined candidate review span
rw3	NHCE4-RW3	149	149	134	article-candidate	rw3-u05-c	directory-defined candidate review span
rw3	NHCE4-RW3	150	150	135	teaching-support		unit opening/exercises/skills/writing/project
rw3	NHCE4-RW3	151	151	136	teaching-support		unit opening/exercises/skills/writing/project
rw3	NHCE4-RW3	152	152	137	teaching-support		unit opening/exercises/skills/writing/project
rw3	NHCE4-RW3	153	153	138	article-candidate	rw3-u06-a	directory-defined candidate review span
rw3	NHCE4-RW3	154	154	139	article-candidate	rw3-u06-a	directory-defined candidate review span
rw3	NHCE4-RW3	155	155	140	article-candidate	rw3-u06-a	directory-defined candidate review span
rw3	NHCE4-RW3	156	156	141	teaching-support		unit opening/exercises/skills/writing/project
rw3	NHCE4-RW3	157	157	142	teaching-support		unit opening/exercises/skills/writing/project
rw3	NHCE4-RW3	158	158	143	teaching-support		unit opening/exercises/skills/writing/project
rw3	NHCE4-RW3	159	159	144	teaching-support		unit opening/exercises/skills/writing/project
rw3	NHCE4-RW3	160	160	145	teaching-support		unit opening/exercises/skills/writing/project
rw3	NHCE4-RW3	161	161	146	teaching-support		unit opening/exercises/skills/writing/project
rw3	NHCE4-RW3	162	162	147	teaching-support		unit opening/exercises/skills/writing/project
rw3	NHCE4-RW3	163	163	148	teaching-support		unit opening/exercises/skills/writing/project
rw3	NHCE4-RW3	164	164	149	teaching-support		unit opening/exercises/skills/writing/project
rw3	NHCE4-RW3	165	165	150	teaching-support		unit opening/exercises/skills/writing/project
rw3	NHCE4-RW3	166	166	151	article-candidate	rw3-u06-b	directory-defined candidate review span
rw3	NHCE4-RW3	167	167	152	article-candidate	rw3-u06-b	directory-defined candidate review span
rw3	NHCE4-RW3	168	168	153	article-candidate	rw3-u06-b	directory-defined candidate review span
rw3	NHCE4-RW3	169	169	154	teaching-support		unit opening/exercises/skills/writing/project
rw3	NHCE4-RW3	170	170	155	teaching-support		unit opening/exercises/skills/writing/project
rw3	NHCE4-RW3	171	171	156	teaching-support		unit opening/exercises/skills/writing/project
rw3	NHCE4-RW3	172	172	157	teaching-support		unit opening/exercises/skills/writing/project
rw3	NHCE4-RW3	173	173	158	teaching-support		unit opening/exercises/skills/writing/project
rw3	NHCE4-RW3	174	174	159	article-candidate	rw3-u06-c	directory-defined candidate review span
rw3	NHCE4-RW3	175	175	160	article-candidate	rw3-u06-c	directory-defined candidate review span
rw3	NHCE4-RW3	176	176	161	vocabulary-or-back-matter		after final directory-defined article
rw3	NHCE4-RW3	177			trailing-blank		blank trailing PDF page; no OCR image required
rw4	NHCE4-RW4	1	1		front-matter		cover/copyright/preface/contents
rw4	NHCE4-RW4	2	2		front-matter		cover/copyright/preface/contents
rw4	NHCE4-RW4	3	3		front-matter		cover/copyright/preface/contents
rw4	NHCE4-RW4	4	4		front-matter		cover/copyright/preface/contents
rw4	NHCE4-RW4	5	5		front-matter		cover/copyright/preface/contents
rw4	NHCE4-RW4	6	6		front-matter		cover/copyright/preface/contents
rw4	NHCE4-RW4	7	7		front-matter		cover/copyright/preface/contents
rw4	NHCE4-RW4	8	8		front-matter		cover/copyright/preface/contents
rw4	NHCE4-RW4	9	9		front-matter		cover/copyright/preface/contents
rw4	NHCE4-RW4	10	10		front-matter		cover/copyright/preface/contents
rw4	NHCE4-RW4	11	11		front-matter		cover/copyright/preface/contents
rw4	NHCE4-RW4	12	12		front-matter		cover/copyright/preface/contents
rw4	NHCE4-RW4	13	13		front-matter		cover/copyright/preface/contents
rw4	NHCE4-RW4	14	14		front-matter		cover/copyright/preface/contents
rw4	NHCE4-RW4	15	15		front-matter		cover/copyright/preface/contents
rw4	NHCE4-RW4	16	16	1	teaching-support		unit opening/exercises/skills/writing/project
rw4	NHCE4-RW4	17	17	2	teaching-support		unit opening/exercises/skills/writing/project
rw4	NHCE4-RW4	18	18	3	teaching-support		unit opening/exercises/skills/writing/project
rw4	NHCE4-RW4	19	19	4	teaching-support		unit opening/exercises/skills/writing/project
rw4	NHCE4-RW4	20	20	5	article-candidate	rw4-u01-a	directory-defined candidate review span
rw4	NHCE4-RW4	21	21	6	article-candidate	rw4-u01-a	directory-defined candidate review span
rw4	NHCE4-RW4	22	22	7	article-candidate	rw4-u01-a	directory-defined candidate review span
rw4	NHCE4-RW4	23	23	8	teaching-support		unit opening/exercises/skills/writing/project
rw4	NHCE4-RW4	24	24	9	teaching-support		unit opening/exercises/skills/writing/project
rw4	NHCE4-RW4	25	25	10	teaching-support		unit opening/exercises/skills/writing/project
rw4	NHCE4-RW4	26	26	11	teaching-support		unit opening/exercises/skills/writing/project
rw4	NHCE4-RW4	27	27	12	teaching-support		unit opening/exercises/skills/writing/project
rw4	NHCE4-RW4	28	28	13	teaching-support		unit opening/exercises/skills/writing/project
rw4	NHCE4-RW4	29	29	14	teaching-support		unit opening/exercises/skills/writing/project
rw4	NHCE4-RW4	30	30	15	teaching-support		unit opening/exercises/skills/writing/project
rw4	NHCE4-RW4	31	31	16	teaching-support		unit opening/exercises/skills/writing/project
rw4	NHCE4-RW4	32	32	17	teaching-support		unit opening/exercises/skills/writing/project
rw4	NHCE4-RW4	33	33	18	article-candidate	rw4-u01-b	directory-defined candidate review span
rw4	NHCE4-RW4	34	34	19	article-candidate	rw4-u01-b	directory-defined candidate review span
rw4	NHCE4-RW4	35	35	20	article-candidate	rw4-u01-b	directory-defined candidate review span
rw4	NHCE4-RW4	36	36	21	teaching-support		unit opening/exercises/skills/writing/project
rw4	NHCE4-RW4	37	37	22	teaching-support		unit opening/exercises/skills/writing/project
rw4	NHCE4-RW4	38	38	23	teaching-support		unit opening/exercises/skills/writing/project
rw4	NHCE4-RW4	39	39	24	teaching-support		unit opening/exercises/skills/writing/project
rw4	NHCE4-RW4	40	40	25	teaching-support		unit opening/exercises/skills/writing/project
rw4	NHCE4-RW4	41	41	26	teaching-support		unit opening/exercises/skills/writing/project
rw4	NHCE4-RW4	42	42	27	article-candidate	rw4-u01-c	directory-defined candidate review span
rw4	NHCE4-RW4	43	43	28	article-candidate	rw4-u01-c	directory-defined candidate review span
rw4	NHCE4-RW4	44	44	29	teaching-support		unit opening/exercises/skills/writing/project
rw4	NHCE4-RW4	45	45	30	teaching-support		unit opening/exercises/skills/writing/project
rw4	NHCE4-RW4	46	46	31	teaching-support		unit opening/exercises/skills/writing/project
rw4	NHCE4-RW4	47	47	32	teaching-support		unit opening/exercises/skills/writing/project
rw4	NHCE4-RW4	48	48	33	article-candidate	rw4-u02-a	directory-defined candidate review span
rw4	NHCE4-RW4	49	49	34	article-candidate	rw4-u02-a	directory-defined candidate review span
rw4	NHCE4-RW4	50	50	35	article-candidate	rw4-u02-a	directory-defined candidate review span
rw4	NHCE4-RW4	51	51	36	teaching-support		unit opening/exercises/skills/writing/project
rw4	NHCE4-RW4	52	52	37	teaching-support		unit opening/exercises/skills/writing/project
rw4	NHCE4-RW4	53	53	38	teaching-support		unit opening/exercises/skills/writing/project
rw4	NHCE4-RW4	54	54	39	teaching-support		unit opening/exercises/skills/writing/project
rw4	NHCE4-RW4	55	55	40	teaching-support		unit opening/exercises/skills/writing/project
rw4	NHCE4-RW4	56	56	41	teaching-support		unit opening/exercises/skills/writing/project
rw4	NHCE4-RW4	57	57	42	teaching-support		unit opening/exercises/skills/writing/project
rw4	NHCE4-RW4	58	58	43	teaching-support		unit opening/exercises/skills/writing/project
rw4	NHCE4-RW4	59	59	44	teaching-support		unit opening/exercises/skills/writing/project
rw4	NHCE4-RW4	60	60	45	teaching-support		unit opening/exercises/skills/writing/project
rw4	NHCE4-RW4	61	61	46	teaching-support		unit opening/exercises/skills/writing/project
rw4	NHCE4-RW4	62	62	47	teaching-support		unit opening/exercises/skills/writing/project
rw4	NHCE4-RW4	63	63	48	article-candidate	rw4-u02-b	directory-defined candidate review span
rw4	NHCE4-RW4	64	64	49	article-candidate	rw4-u02-b	directory-defined candidate review span
rw4	NHCE4-RW4	65	65	50	article-candidate	rw4-u02-b	directory-defined candidate review span
rw4	NHCE4-RW4	66	66	51	teaching-support		unit opening/exercises/skills/writing/project
rw4	NHCE4-RW4	67	67	52	teaching-support		unit opening/exercises/skills/writing/project
rw4	NHCE4-RW4	68	68	53	teaching-support		unit opening/exercises/skills/writing/project
rw4	NHCE4-RW4	69	69	54	teaching-support		unit opening/exercises/skills/writing/project
rw4	NHCE4-RW4	70	70	55	teaching-support		unit opening/exercises/skills/writing/project
rw4	NHCE4-RW4	71	71	56	teaching-support		unit opening/exercises/skills/writing/project
rw4	NHCE4-RW4	72	72	57	article-candidate	rw4-u02-c	directory-defined candidate review span
rw4	NHCE4-RW4	73	73	58	article-candidate	rw4-u02-c	directory-defined candidate review span
rw4	NHCE4-RW4	74	74	59	teaching-support		unit opening/exercises/skills/writing/project
rw4	NHCE4-RW4	75	75	60	teaching-support		unit opening/exercises/skills/writing/project
rw4	NHCE4-RW4	76	76	61	teaching-support		unit opening/exercises/skills/writing/project
rw4	NHCE4-RW4	77	77	62	teaching-support		unit opening/exercises/skills/writing/project
rw4	NHCE4-RW4	78	78	63	article-candidate	rw4-u03-a	directory-defined candidate review span
rw4	NHCE4-RW4	79	79	64	article-candidate	rw4-u03-a	directory-defined candidate review span
rw4	NHCE4-RW4	80	80	65	article-candidate	rw4-u03-a	directory-defined candidate review span
rw4	NHCE4-RW4	81	81	66	teaching-support		unit opening/exercises/skills/writing/project
rw4	NHCE4-RW4	82	82	67	teaching-support		unit opening/exercises/skills/writing/project
rw4	NHCE4-RW4	83	83	68	teaching-support		unit opening/exercises/skills/writing/project
rw4	NHCE4-RW4	84	84	69	teaching-support		unit opening/exercises/skills/writing/project
rw4	NHCE4-RW4	85	85	70	teaching-support		unit opening/exercises/skills/writing/project
rw4	NHCE4-RW4	86	86	71	teaching-support		unit opening/exercises/skills/writing/project
rw4	NHCE4-RW4	87	87	72	teaching-support		unit opening/exercises/skills/writing/project
rw4	NHCE4-RW4	88	88	73	teaching-support		unit opening/exercises/skills/writing/project
rw4	NHCE4-RW4	89	89	74	teaching-support		unit opening/exercises/skills/writing/project
rw4	NHCE4-RW4	90	90	75	teaching-support		unit opening/exercises/skills/writing/project
rw4	NHCE4-RW4	91	91	76	teaching-support		unit opening/exercises/skills/writing/project
rw4	NHCE4-RW4	92	92	77	teaching-support		unit opening/exercises/skills/writing/project
rw4	NHCE4-RW4	93	93	78	article-candidate	rw4-u03-b	directory-defined candidate review span
rw4	NHCE4-RW4	94	94	79	article-candidate	rw4-u03-b	directory-defined candidate review span
rw4	NHCE4-RW4	95	95	80	article-candidate	rw4-u03-b	directory-defined candidate review span
rw4	NHCE4-RW4	96	96	81	teaching-support		unit opening/exercises/skills/writing/project
rw4	NHCE4-RW4	97	97	82	teaching-support		unit opening/exercises/skills/writing/project
rw4	NHCE4-RW4	98	98	83	teaching-support		unit opening/exercises/skills/writing/project
rw4	NHCE4-RW4	99	99	84	teaching-support		unit opening/exercises/skills/writing/project
rw4	NHCE4-RW4	100	100	85	teaching-support		unit opening/exercises/skills/writing/project
rw4	NHCE4-RW4	101	101	86	teaching-support		unit opening/exercises/skills/writing/project
rw4	NHCE4-RW4	102	102	87	article-candidate	rw4-u03-c	directory-defined candidate review span
rw4	NHCE4-RW4	103	103	88	article-candidate	rw4-u03-c	directory-defined candidate review span
rw4	NHCE4-RW4	104	104	89	teaching-support		unit opening/exercises/skills/writing/project
rw4	NHCE4-RW4	105	105	90	teaching-support		unit opening/exercises/skills/writing/project
rw4	NHCE4-RW4	106	106	91	teaching-support		unit opening/exercises/skills/writing/project
rw4	NHCE4-RW4	107	107	92	teaching-support		unit opening/exercises/skills/writing/project
rw4	NHCE4-RW4	108	108	93	article-candidate	rw4-u04-a	directory-defined candidate review span
rw4	NHCE4-RW4	109	109	94	article-candidate	rw4-u04-a	directory-defined candidate review span
rw4	NHCE4-RW4	110	110	95	article-candidate	rw4-u04-a	directory-defined candidate review span
rw4	NHCE4-RW4	111	111	96	teaching-support		unit opening/exercises/skills/writing/project
rw4	NHCE4-RW4	112	112	97	teaching-support		unit opening/exercises/skills/writing/project
rw4	NHCE4-RW4	113	113	98	teaching-support		unit opening/exercises/skills/writing/project
rw4	NHCE4-RW4	114	114	99	teaching-support		unit opening/exercises/skills/writing/project
rw4	NHCE4-RW4	115	115	100	teaching-support		unit opening/exercises/skills/writing/project
rw4	NHCE4-RW4	116	116	101	teaching-support		unit opening/exercises/skills/writing/project
rw4	NHCE4-RW4	117	117	102	teaching-support		unit opening/exercises/skills/writing/project
rw4	NHCE4-RW4	118	118	103	teaching-support		unit opening/exercises/skills/writing/project
rw4	NHCE4-RW4	119	119	104	teaching-support		unit opening/exercises/skills/writing/project
rw4	NHCE4-RW4	120	120	105	teaching-support		unit opening/exercises/skills/writing/project
rw4	NHCE4-RW4	121	121	106	teaching-support		unit opening/exercises/skills/writing/project
rw4	NHCE4-RW4	122	122	107	article-candidate	rw4-u04-b	directory-defined candidate review span
rw4	NHCE4-RW4	123	123	108	article-candidate	rw4-u04-b	directory-defined candidate review span
rw4	NHCE4-RW4	124	124	109	teaching-support		unit opening/exercises/skills/writing/project
rw4	NHCE4-RW4	125	125	110	teaching-support		unit opening/exercises/skills/writing/project
rw4	NHCE4-RW4	126	126	111	teaching-support		unit opening/exercises/skills/writing/project
rw4	NHCE4-RW4	127	127	112	teaching-support		unit opening/exercises/skills/writing/project
rw4	NHCE4-RW4	128	128	113	teaching-support		unit opening/exercises/skills/writing/project
rw4	NHCE4-RW4	129	129	114	teaching-support		unit opening/exercises/skills/writing/project
rw4	NHCE4-RW4	130	130	115	article-candidate	rw4-u04-c	directory-defined candidate review span
rw4	NHCE4-RW4	131	131	116	article-candidate	rw4-u04-c	directory-defined candidate review span
rw4	NHCE4-RW4	132	132	117	teaching-support		unit opening/exercises/skills/writing/project
rw4	NHCE4-RW4	133	133	118	teaching-support		unit opening/exercises/skills/writing/project
rw4	NHCE4-RW4	134	134	119	teaching-support		unit opening/exercises/skills/writing/project
rw4	NHCE4-RW4	135	135	120	article-candidate	rw4-u05-a	directory-defined candidate review span
rw4	NHCE4-RW4	136	136	121	article-candidate	rw4-u05-a	directory-defined candidate review span
rw4	NHCE4-RW4	137	137	122	article-candidate	rw4-u05-a	directory-defined candidate review span
rw4	NHCE4-RW4	138	138	123	teaching-support		unit opening/exercises/skills/writing/project
rw4	NHCE4-RW4	139	139	124	teaching-support		unit opening/exercises/skills/writing/project
rw4	NHCE4-RW4	140	140	125	teaching-support		unit opening/exercises/skills/writing/project
rw4	NHCE4-RW4	141	141	126	teaching-support		unit opening/exercises/skills/writing/project
rw4	NHCE4-RW4	142	142	127	teaching-support		unit opening/exercises/skills/writing/project
rw4	NHCE4-RW4	143	143	128	teaching-support		unit opening/exercises/skills/writing/project
rw4	NHCE4-RW4	144	144	129	teaching-support		unit opening/exercises/skills/writing/project
rw4	NHCE4-RW4	145	145	130	teaching-support		unit opening/exercises/skills/writing/project
rw4	NHCE4-RW4	146	146	131	teaching-support		unit opening/exercises/skills/writing/project
rw4	NHCE4-RW4	147	147	132	teaching-support		unit opening/exercises/skills/writing/project
rw4	NHCE4-RW4	148	148	133	article-candidate	rw4-u05-b	directory-defined candidate review span
rw4	NHCE4-RW4	149	149	134	article-candidate	rw4-u05-b	directory-defined candidate review span
rw4	NHCE4-RW4	150	150	135	article-candidate	rw4-u05-b	directory-defined candidate review span
rw4	NHCE4-RW4	151	151	136	teaching-support		unit opening/exercises/skills/writing/project
rw4	NHCE4-RW4	152	152	137	teaching-support		unit opening/exercises/skills/writing/project
rw4	NHCE4-RW4	153	153	138	teaching-support		unit opening/exercises/skills/writing/project
rw4	NHCE4-RW4	154	154	139	teaching-support		unit opening/exercises/skills/writing/project
rw4	NHCE4-RW4	155	155	140	teaching-support		unit opening/exercises/skills/writing/project
rw4	NHCE4-RW4	156	156	141	teaching-support		unit opening/exercises/skills/writing/project
rw4	NHCE4-RW4	157	157	142	teaching-support		unit opening/exercises/skills/writing/project
rw4	NHCE4-RW4	158	158	143	article-candidate	rw4-u05-c	directory-defined candidate review span
rw4	NHCE4-RW4	159	159	144	article-candidate	rw4-u05-c	directory-defined candidate review span
rw4	NHCE4-RW4	160	160	145	teaching-support		unit opening/exercises/skills/writing/project
rw4	NHCE4-RW4	161	161	146	teaching-support		unit opening/exercises/skills/writing/project
rw4	NHCE4-RW4	162	162	147	teaching-support		unit opening/exercises/skills/writing/project
rw4	NHCE4-RW4	163	163	148	teaching-support		unit opening/exercises/skills/writing/project
rw4	NHCE4-RW4	164	164	149	article-candidate	rw4-u06-a	directory-defined candidate review span
rw4	NHCE4-RW4	165	165	150	article-candidate	rw4-u06-a	directory-defined candidate review span
rw4	NHCE4-RW4	166	166	151	article-candidate	rw4-u06-a	directory-defined candidate review span
rw4	NHCE4-RW4	167	167	152	teaching-support		unit opening/exercises/skills/writing/project
rw4	NHCE4-RW4	168	168	153	teaching-support		unit opening/exercises/skills/writing/project
rw4	NHCE4-RW4	169	169	154	teaching-support		unit opening/exercises/skills/writing/project
rw4	NHCE4-RW4	170	170	155	teaching-support		unit opening/exercises/skills/writing/project
rw4	NHCE4-RW4	171	171	156	teaching-support		unit opening/exercises/skills/writing/project
rw4	NHCE4-RW4	172	172	157	teaching-support		unit opening/exercises/skills/writing/project
rw4	NHCE4-RW4	173	173	158	teaching-support		unit opening/exercises/skills/writing/project
rw4	NHCE4-RW4	174	174	159	teaching-support		unit opening/exercises/skills/writing/project
rw4	NHCE4-RW4	175	175	160	teaching-support		unit opening/exercises/skills/writing/project
rw4	NHCE4-RW4	176	176	161	teaching-support		unit opening/exercises/skills/writing/project
rw4	NHCE4-RW4	177	177	162	teaching-support		unit opening/exercises/skills/writing/project
rw4	NHCE4-RW4	178	178	163	teaching-support		unit opening/exercises/skills/writing/project
rw4	NHCE4-RW4	179	179	164	article-candidate	rw4-u06-b	directory-defined candidate review span
rw4	NHCE4-RW4	180	180	165	article-candidate	rw4-u06-b	directory-defined candidate review span
rw4	NHCE4-RW4	181	181	166	article-candidate	rw4-u06-b	directory-defined candidate review span
rw4	NHCE4-RW4	182	182	167	teaching-support		unit opening/exercises/skills/writing/project
rw4	NHCE4-RW4	183	183	168	teaching-support		unit opening/exercises/skills/writing/project
rw4	NHCE4-RW4	184	184	169	teaching-support		unit opening/exercises/skills/writing/project
rw4	NHCE4-RW4	185	185	170	teaching-support		unit opening/exercises/skills/writing/project
rw4	NHCE4-RW4	186	186	171	teaching-support		unit opening/exercises/skills/writing/project
rw4	NHCE4-RW4	187	187	172	teaching-support		unit opening/exercises/skills/writing/project
rw4	NHCE4-RW4	188	188	173	article-candidate	rw4-u06-c	directory-defined candidate review span
rw4	NHCE4-RW4	189	189	174	article-candidate	rw4-u06-c	directory-defined candidate review span
rw4	NHCE4-RW4	190	190	175	vocabulary-or-back-matter		after final directory-defined article
rw4	NHCE4-RW4	191			trailing-blank		blank trailing PDF page; no OCR image required
